,id
0,5IcP1PPnleZ2kuwKDyfNC5
1,0xaFw2zDYf1rIJWl2dXiSF
2,6RQ5IwG7uADz9LDWliJGjU
3,5Y35SjAfXjjG0sFQ3KOxmm
4,2e2AXpIiJpet5b4qg85Gh6
5,4h5x3XHLVYFJaItKuO2rhy
6,4jTs7ny5eSRnKTzxdrFv5I
7,2Sjx8DWZO5zaTyTAmgo2gY
8,4fnNBPN9W6AoOYSQS3FJxT
9,4iZ4pt7kvcaH6Yo8UoZ4s2
10,1TweDM3JC49LNeelLVg3yX
11,2CSRrnOEELmhpq8iaAi9cd
12,1eIXYZWEfJO3Na2LCCnIJE
13,2GAhgAjOhEmItWLfgisyOn
14,6eT2V7nKXyMf47TwPbtgAD
15,3OHfY25tqY28d16oZczHc8
16,03hyZKbj9GWZXD8jALwJA3
17,70UV1HmppYUxBI6yCev4d5
18,6SeNRCX36QFj0nm89vTDxZ
19,31De8hk4QgDsbS26w06h21
20,4DGrMHTVjxecZbYStawUK1
21,2AJ9m2GYvegfJul4GdERER
22,5Rx1e9eSA15nXeMHPo6n7r
23,41YVTpCekLuRWZn4YpqCAW
24,2Zj4FUsMtu9PMuJsHbGbdv
25,29YW2xXlo6Pc6M0SBTCXYN
26,39LC2I2Imgae10ycON2jR5
27,4Js5w5HGoSdv7O79RmmEXr
28,1Bn8jBSmtSQdvAFXU3ok1w
29,3Tlkud5UiGv7FCc3RcYbhG
30,6sCvvleqKbeyOkQDieBYgp
31,3zxklD2EGecZre9MjEEvIU
32,23DZLSxCK6kM8FF2RlzKDl
33,0EqtsCvcDjEz6svFsaV5HN
34,35mvY5S1H3J2QZyna3TFe0
35,5unjCay0kUjuej5ebn4nS4
36,1Co7CBhIkJQVWgLxu2oHET
37,4bceNdxoHAGkEhwldRadmL
38,5YTJXAM6j8jEQ5vC8Q67GL
39,0ThaVtdQ5zuAYLjvoT342v
40,6Uwi2Qk3H7fM4b4W4ExrAp
41,5xo8RrjJ9CVNrtRg2S3B1R
42,5w52BJAqGkV1ewaCVLmjhi
43,40Q1XFqWsI7JxaPLeaMpnT
44,469fKtiRHnASzUTj5OEBbN
45,7KjiWiriOQtZREMvc8wkyU
46,4FDq7m7jgOpVFV0k3LA3i3
47,48FaBfZfSV5i3PjEqtDNzs
48,0FqBNLXlTNimxmVRdDMj6b
49,4DYKah8mcZf0O4l9Gt7woU
50,26hOm7dTtBi0TdpDGl141t
51,2l7IXXGf3d9lcBsDBDQkx9
52,6KNNqqLaousABh4LeVhdJ9
53,410TZrK18uRjtsTunG14cl
54,45pUWUeEWGoSdH6UF162G8
55,2KLwPaRDOB87XOYAT2fgxh
56,4Flfb4fGscN9kXPOduQLrv
57,0wshkEEcJUQU33RSRBb5dv
58,34tz0eDhGuFErIuW3q4mPX
59,1bDbXMyjaUIooNwFE9wn0N
60,46s57QULU02Voy0Kup6UEb
61,5no1uAP51SFQzZqITUxsfG
62,0LI2OK0tulkh9mT2NmEBF8
63,2Lmpxi7j95HOvsR6zj1Fl3
64,403tC8spWXnKcdXdbFnayL
65,1t1k0q2YXX5dD0aVUrV2SW
66,2RhOjNQEBhQGhaWYPtAUDc
67,4oebzB09U8UoYtNnS6vTjt
68,6mSiPdBo6PnCytN4IVUkHK
69,34ZAzO78a5DAVNrYIGWcPm
70,37oNzLFCyw2On6e39bN2sp
71,2qApuf4yp1c6sTMj9BJ8bo
72,16jl1W58vcK8Jd5ZGbvd5f
73,12CNybio0Bxean3F3uYugU
74,5c5lCOFiMF14K2pzYep4wo
75,7yqad3MMDrKWp1R32rRzxo
76,1Py8c3dkLF0YczcAyBFBEM
77,3k2kIiJqUiIP49iUcOLpWT
78,0pJW1Xw3aY4Eh6k5iuBkfI
79,1PrVLmXkJjh2vEhmBEKLeM
80,1DRLIUG8HFTBfJOFYaByZn
81,74loibzxXRL875X20kenvk
82,1xNknVNOolLB4oQeEtNBX2
83,17JA4HlieSH7TY3pQk21MJ
84,2q6D3HXynv4eCgJtFR6gY4
85,1jvbeXQgI7SA47MaXXGixh
86,1EFPehJv13my9zvLFzGE8Z
87,4IOYk6epkzXT38U4ShauZ6
88,0vbmYCIWENdYyJ36Q4CdSz
89,71jzSTkT0F0w1v4moZIDyc
90,5g9lS8deSIxItFBmZRC4vN
91,7cyeGclH71MayOuQ7qtLFl
92,0XJ6tNQcWnFmTVFko1J7YR
93,46gSk82duJtX3TTA182ruG
94,3umJNfPLBiNmIsDg0Ebcuy
95,5H25xsIuRWUI8GwcoAoeSG
96,2P1oNlBGmFudn3ZyUrj7hJ
97,7xemBaUtcXqhHbNQU9zGcM
98,2qz5PsaHHvbgC38qz4YHjN
99,3IGX2zBWkTGi3EfFMYzJrs
100,3VPypw74MtxfyGosqzokDQ
101,4H4TQdrWzyOyQwUeRHa0bs
102,7AtJaaSeDMG3yRt8Yauezw
103,6cfVDaIdvDtYH91RqC6Wox
104,5467KZaTToEB680WvOd9w5
105,6rkV9hz91Rr5iHnMRPZdEQ
106,42j49u8GO8zuWiDCbZq2W4
107,0UTqq3YMMQFEaQwr4OUuUR
108,2f4PvtF6upC4UWRE9yrF6v
109,4a125pvXw0CxxpN7yHDgUY
110,3JfhLEO8qB9qZr9xIefh5m
111,7nT5j0GBvAKkz09xpeCztD
112,1NY9g5OFUoezXeTveFYWSM
113,5h5FY6vmtDpgXF91BUexO0
114,5KJHWZqPKnhrVq7t5kGviH
115,1ZO5pO4qEagb2uo3IfEZD9
116,6LpavSgQBTJmf7KteLNyKI
117,0GoplGZbAgTErfUCvbExqA
118,4sMJ05OSIYdmHdnxfosvfb
119,13bJjJi6Oe6u73fBcOqltB
120,3DVXjW5D4mPCS7lcUdkuq4
121,44oX0gE5EThfoy511cqkwy
122,6wTJVghHVYausncadvBH8v
123,2IB0CM8Db1M6vpagMUfeAD
124,7MM5BgxR7xdE6Pt0XsnI82
125,4ZaRg5Sf4TKr0YcFRLh7QJ
126,2VjXGuPVVxyhMgER3Uz2Fe
127,4cNhx6OO1XpvwT6xZnb83B
128,3VZJHM6k4M3wS6Xh98MC3C
129,2gxqozTaq2NYylvS8jd57G
130,3V8vWoCbKbfjNrPaQ4YtSg
131,1DWZUa5Mzf2BwzpHtgbHPY
132,1qPDcSNvMXnkxA4DCPiu6T
133,7k1Z6tYkNvCdYyOY9f5WTo
134,4GKphhKJprqrPkLuU8Vsyu
135,6HZILIRieu8S0iqY8kIKhj
136,2qw0CnJi9NXfsVaUJZ7Tq8
137,1ZLtE9tSJdaUiIJ9YoKHQe
138,0FtSH8ysKakj66F3iRZc8J
139,5k5a8iTI6eYZaj2EZk4dAE
140,1rOKAsJZJDIikOKDeUfPRV
141,5GoTz2DyqdkCVbSCvsFlGR
142,0S2F5ZzIuWJziqlWrd0M8P
143,3KD4Tdiz6DFlvG2wjL4vBb
144,2rbSlNYTYboHHWelF0xSAQ
145,2QK35TtLvYlOpV2zjw6vtt
146,695L0B06tMVsy8RiwC7dHc
147,2xuaGUZwr4lr0HhFx3JybI
148,4eSZUNz2flCKs7zESV50kW
149,404r5PaCnSAgwsc82Lmy8j
150,7j6OJzMIJL5JcFHyeSJZGV
151,6c1yUgFlhUHLAM9hSDkVBq
152,6t90Z9XkdsHD8xMxro6KRP
153,4kq0Fzt6XmGNN1aXY2QQsS
154,10dl4y0IHnW7CYLg0q5yDq
155,2lVpy76Pe1HSyp9eNPCGBr
156,2kk2trjT2JXhEHtCnz9FWA
157,1j6kDJttn6wbVyMaM42Nxm
158,5XCRe3sFlMuVfQAvv3JBwF
159,3Rn8PnkUvMUaDILJUDZiOu
160,2RXn2FXwRVlHDrs0CZnWEi
161,7mwqEol11V5BWbES14jzHM
162,3umzAtRU8JW5uXDPwPq8eE
163,45B1BeuxBsY03LnOT0SdyK
164,6QwJurtbHqyeVda0fhWV2B
165,60pZpM5WjUBQvaQ5E37XW6
166,4iMzpYxUO5RiZkGmNKRCMh
167,6b1uvC2GnPm4wNsHaOlZM7
168,2F6fJnbxkFkQouAwUo0uPC
169,3Fi4yOHkFTfVzOE7Ac3AgN
170,4qypIShMdrtUhOoQ83GHPl
171,5gAYHuWkL18ccsxM6akJXP
172,41X9qar6SruZOPLIV7sgUw
173,4MRT0dDbhqFKl67WzhUbSw
174,0mTWyEt0taYEFpUfAyjqmf
175,1jhdCONafFj1hzJsPvZx27
176,3azJifCSqg9fRij2yKIbWz
177,54NBD72JXFXzrodbQBSzWh
178,68SSN8C0cJmUEXJkGyNYqe
179,60aYO1uRqTkGltYtaMFPxy
180,4Bg0jUvMb30sfvAeqcSnaz
181,2VL573wd9nlqXYHaQoFXfV
182,2qkb3hhx8iCBvYzX9SvVxj
183,77cuLtsUljaHBNpG89GpqE
184,41P6Tnd8KIHqON0QIydx6a
185,0SIrEgMzTSWzFoT272mk2X
186,4Gy8ZglxsvsIX04R5PWY7U
187,0P4OHmZ7t092na79ElH7F5
188,5ZWNnO9MyPfGrUHiGWHESB
189,5o6PkOAAwHvdkkOBGPxi20
190,2qtoRFCOEL1gRn5q9DJC7F
191,1fewSx2d5KIZ04wsooEBOz
192,6FCfgsFOX2HhvLK2eNmfFy
193,410UDoEH2wjORG5PeUVBG3
194,6EqF11d0EPJwVynLXu3gvY
195,2FgmJCCxoRb6LEd5biOZxp
196,3PnDz7t38mzVZaImRrSknW
197,1f1HZa04VYY6PWHy39f5HM
198,7J2gyNghNTzl4EsLhXp01Q
199,2xEvCnhZMxvvRwaF4le8UV
200,0EMT2TczQa7EGAFFVNLDJG
201,7jCYcVsO23Phfn4p22cV96
202,5zPZuJqBw3qLBNlyQkCKZO
203,20dP2DaMHIAmwWAbp7peSr
204,0DEsTi2GHnNWbIDWzTRO19
205,1vOX6B0pM2NGeI5ZI9wW22
206,1GIKDc28Z95bWSIXgkr3y3
207,7l9CE3wmEGOUYw1j4ETjnL
208,3F5CgOj3wFlRv51JsHbxhe
209,3TLXje8bgwjb5gCjUMtDy1
210,1OANBrUjuIv6AhlHXgSmM2
211,6OquGsVTLqZHyxqG0PLwFz
212,5uXO1sjZ7VbNKexKaFRna3
213,1883mCuSqnfnrWoq8i3myH
214,0zrK5pcePHSPGvKr34DbxV
215,1WCjhRs2WBgyeGaybCX2Po
216,5zIAGKs8qDAWtmsr9NJpFB
217,6xdi5kPKkheuVz3le6i1yH
218,3ZF9u7enIDyKPiXj4VP1P1
219,74ZovzRxHBvCq5yIwe8boh
220,1SJnJJmrqRyE8YSdhEtbPv
221,0uLrrYiliI4ZXLYPR2KNz9
222,5aaWYnCx4Ra8BmquARhtAB
223,5rmnKY4PWO6tIrZPGYyyQQ
224,41o2ydrj7Xm9Yt5odIBqq4
225,1zmv0tPVWdbCuvBw90MYwO
226,4YEcH1SdjdeEyvt4AGYeqI
227,3NnINnjKVVs03xat0qLQFx
228,4XU6clIvkNNu0QLv86HJGU
229,0J119Oas2ox6JTTHUGZxHN
230,5ksM8r8u4AjMwvtqUif9W1
231,4K3iiMwytWoYxu0L4HnzCb
232,65oGVYJfdT6mYIdmmb6q3c
233,5Z4EEIaSzeRmYze3W47S1k
234,4CzLJ2wsrk1QdhXXuT16gx
235,1YVhP58OOuJKDcwM7aO8K1
236,48t1aADyfDbDA3TzxqQHrN
237,3Qbq86Xn8DKFKuFq6kUfBe
238,2VMJVvyNzFhZWCu0cxGmQj
239,7wGfx41iR1jXuDuL3yjOXB
240,6XZFzfW1WpmA9L0dJ47FxF
241,1wGpEisE7VmhhSazD8hZ5l
242,48oQGynnS8RLiYRFsJ6pDL
243,7qjSl6Z0eglffLXkLtUo1E
244,00imgaPlYRrMGn9o83hfmk
245,5CM4UuQ9Gnd6K2YyKGPMoK
246,1PwY8OpvFFt7CmnpnPAw7O
247,6jvyOxDcBPyvdCbBqSvb9F
248,49BcHCAaL082dWLyq7mEAS
249,5Pldw6q3Qa9tfWqXFWRSGY
250,3uJFmluXzYedoJcvhpC1AW
251,32k3OLmeIWe93KY0QzMmZX
252,3HFBqhotJeEKHJzMEW31jZ
253,7vr9frLcyCM4m6A4KS1sex
254,7n4YpQcocaRfXRlEl07klO
255,1Zk1RUC3Lazme2erBiixIS
256,6rCj7kub7xxSvkdKBFyQ4W
257,6RtzmszGXs32TRhv5zTKNM
258,2LTlO3NuNVN70lp2ZbVswF
259,3tmpJN9fGVkrhlNkZVgH90
260,6bOXLYB6kMJtYWUf7uvyda
261,4riDfclV7kPDT9D58FpmHd
262,3ixe45hov7EBKXm8tYBmvX
263,5UusfWUMMLEXLMc1ViNZoe
264,2rPSFKzGeqUWwfcCFVkkq3
265,1scaOnahzG7o8pfwfsL784
266,0osYNT9MnJ8PIh0kYGpYdm
267,3S68RFe1lsdCdTMPIMJM3X
268,1w52s8ZgbSHjwjoZ1zQMET
269,2xZ0zfuDTv5LxLhEgD82PG
270,7newfXclX39UwWTw2gDswM
271,4UJuFZ4btsiGqMyFHBRPbo
272,4E3qImtJzRqLt8ZZyLceOE
273,5nU7dvOfzYs9QVVL7YVNPE
274,6jVFxgtIV8dFCpX55JMKq7
275,7zFcKTiVNH4Xs0IcZ2cJU0
276,3lcJOGpwiiLN7SjhV1UK9J
277,7sg9kDT8H2P0wPACXnWRdN
278,6AzixJy7LmBcO7LMITZoZU
279,0ECiluD6uszk2zjph2pyEp
280,1jdY3EkXOaCZQVZNohFodF
281,75dLEqanQTupF3dtP9exT5
282,5u6vkDnOyaf8LsteDAj2ub
283,1jiOVoiDZdtHiaF5W9XqWN
284,6AzdnFpMk4WzVvX85uVqsx
285,4CZgQq8KJYWGh1bM3sqGmd
286,72cHkdabMo2Oy0MtnlHIES
287,1MtfCGnLK6SB0w91qUsDQz
288,3spr9k8Zb3sSAw6xM6yGQk
289,5kxENVPgGJtWnlZbwErnyi
290,76RRoxiQ5u5wAuyLr3VIqR
291,3lRh3BAgwNXBJ6tjtvc6ZF
292,069mlD5el7f9hcN4Wh4YXb
293,5PkNAc7ecD8Rk8ieuXCfQr
294,6pFVxZ67ktMSxDx8Z3EPNN
295,5AwYKIFP390CdH7XAS4k8z
296,0tdCy39PgWN8LFWu34ORn3
297,3iut542DAj1c44VzyA6CpN
298,28luqgS4NCuFKP6YSOtia5
299,2id1xnRQloCopsF5IFRY15
300,23pL9muwrxg6ZZTp0oErBL
301,4cg1yakyRSIOjxKM2I7J1q
302,0KLvDgrhFKo6k1ZSHiv5v3
303,0vQPMoZraugfDudbS9kfhG
304,52iO8m9DttzocBq3SvkSvk
305,4UFGBYbb7ixis7fTdzQx0h
306,05zd5Nv0e02ZqrlC8A2cwx
307,5hwUsRKvnO5yThjVrxHQVt
308,5p56JT5F9a1z9pwXnqTg7d
309,6NZOc8kO0Fxo0fLPvIdLnW
310,5LOiuvbH62YGtnwe6Ltt4T
311,7zvfDihYiJ8RQ1nRcpKBF5
312,19Fg3WrTfo35Ji3PtfZE6J
313,0YeUVm23SAkUruwEx9LWnt
314,3tYTyAt1q6BFBiGyYVOLhi
315,7pj6P5WnxkZsw3XRc8eMe1
316,401160izncPtca3CmX3dvM
317,4xIhSUJantE6BMl3u8dtCJ
318,6gI9b2VsoWhjhIuIeToDVs
319,2FeBslNBMdR9V58uv6hd2t
320,5MMW4CZsZiZt2iuqAXzzWC
321,6CTG85NJI1Wm60pxTSRNwL
322,5hNsSrWcClSp0tg4Jdd4UY
323,2qLpHX8MqiONkS7wJb6eS9
324,63OzpVdDGsUJnNqN6q5O3z
325,1qMMYpVatbRITKCfq1gasi
326,6eKDuaj5zGdLSYkC1F9ynm
327,0dLRe03Om5eOYQB5eW0uDN
328,7qUqxnNtlBgeo8h5yzVd19
329,4PpuH4mxL0rD35mOWaLoKS
330,30b5M3C45SRTmJvvqcfxFO
331,7vgTNTaEz3CsBZ1N4YQalM
332,0VGsRzbvsKtvZeVoMAc2gA
333,3Wx98ijEDnsxyMYePCuFNI
334,5Zm07HDqMFdO3Q975odIzb
335,2qfPBPq9BEVEd1GF4UH96H
336,6Iuh3vNjpWhSeHM3RZgzQL
337,3q2v8QaTnHLveAQzR6gvYm
338,4Vir8uv89eNY6hovcNq4w6
339,5I4PFrU6yQDmIeP9exS35z
340,2nICPEP27G5i4pb69k9cvL
341,6hDgNvgXstF65ymjGlxpky
342,4zpql89tpykmDxjjeG9rlA
343,3Ms2JUwxA2tj3GCFvxY3XU
344,5vhrsx08dHh2QcVh1Rsiwt
345,62HtcRFFjVch2X1B42K662
346,1yfymqHHUZeDisKm7L2X2d
347,51AP51OFGujGTmBoS7Pf14
348,3MVFHHeksQCnVuKOjPN01M
349,5VXQKX59pKxu3havC4S7H0
350,3hdaeIlrACjMK5FnahqrLG
351,34itnB3u4NTwj9ctVfiPmC
352,0PFj6f9QLNQwR9OvHp09YR
353,7xEVy3xCkmRSbYavgefnsI
354,7zdanauvITJaq9OE7bBz0c
355,56Qg15afWhWx83aFusmXc4
356,2S9oc7DcLyDxKfJ8vY7SDi
357,1DPIqXc2BfJWWgCy0Tc2lr
358,4m3u9rV6KkVemoL5NFqXem
359,1BzXvBpIFWJgu0P8P6xmP4
360,4RIdKsqdglJ5JqTG8kTvw7
361,5wJC8qlivbwAx29bnTecSn
362,4uu4CC1L13Q8ndvnXpud1J
363,3phALNKWigFCXEhIHOkHrP
364,7lMRNhnCVJwFxEOl3dkT8X
365,75lcPkAkUsKWHGBlGM476R
366,1InX2gJz9jvp4tLOc84DWe
367,6DmXZWftfFvqdGQlQM3rVN
368,5JPtB3Wn3H4nXJhuFtvzak
369,5x8NgG7Ya18m9wafOvvWYk
370,6f44p3Kc4ayD9VtbC9Clkr
371,1GmIFHYT3N2V3G0MoYhEil
372,2ctl2YVjBnxDO3OMf1Haay
373,2Vg6ArSIzyVlexezkVyCJE
374,7f9sC9fvtjYSZYOLSmKJlq
375,62ocXa3rr5qUWI3GAhWnaH
376,1wR9S5YnePrWq37LQlqkr7
377,7MmBhKBQnaa0I8TaDJs9ia
378,1z38AGLpeUPUnRMvjc9O6r
379,2EMWP3NJeivpl0Seic7Oqz
380,7ycWLEP1GsNjVvcjawXz3z
381,07Q0PGsNl7xgqB6sjHvzYu
382,2BJSMvOGABRxokHKB0OI8i
383,30sc425JEvj3tgmGAKORea
384,4SItlalMUtA8neKb7StAms
385,3D92irfHIzuwhK2vZthr75
386,5UHGymgm6Okr0oSQOuFNiF
387,2Ri3R5tB1FlZhYgLMqTjSn
388,04npC3La37wuGbnjn4F4W1
389,0U3u0HdRQjD8mAMYBak4Ok
390,2YzmfPLqUx5CJOaw5ThsBV
391,23NWj2izXAJ4yL6Nah73wf
392,5btDlQBttuMLD7gq4qoKC6
393,40Rpg3LkZwwzuHJ3GdjMma
394,0bBkZeGSOAG0KmCfDzdNV0
395,7rNqK5eAL7qH65H5eha2jQ
396,1QYJDDvCpX9kHhQr6YgOmc
397,4g9SGCGQohOY4jl9RM5W6b
398,1F70qPNU2Fp6LreTWCdbwR
399,1Mf7qE54NoBp5hrZV2iPrX
400,0TGyMhttuNwKab2XJMJ1rl
401,5G1Xj9wn0TZRf7TSbiIY8M
402,4h90qkbnW1Qq6pBhoPvwko
403,2w0DHjwF1NIMGXKeypz0sr
404,0EocJQHVyGDM5vrf0CNhS7
405,7xW3rU5rzv4ghw0h8APxuH
406,6BMAOOrAC6LxdYjVbkk7h9
407,5bJ1DrEM4hNCafcDd1oxHx
408,62Yo3FDddWY8ydu6PW2wyz
409,35tDfJl8QOSgXV2wN2B9j8
410,35WdGjpHVOHLepJl543eyC
411,5qXmTKGDSppMm3Apfr69Ov
412,5qUIjwDvHPsnOdxEXFrc24
413,23Cos3STwcp1Q1BX9MSHTC
414,6zBo3unZdPNthEENHgjVko
415,1NCWXbUyF88ee30OMAe7dO
416,7BbaIYAdi3pg4MGl6PHwPv
417,12is5JIGo9wNsfLFglmAl0
418,0VN5WhMbFxJ5yJQ5pQPQ5A
419,3zpGLSQ8QbbUnNjweWPLMD
420,1boXOL0ua7N2iCOUVI1p9F
421,1PNs0uGru3TcrA94kpyGnc
422,2uL3sat19TiMOOahR2jutD
423,4JEyhbB1Z2mAPGiRb5gs4X
424,33JcUj9qQDayKswunZP9ar
425,3diZz7nVRbyuvAXSW7hzI7
426,5FkoSXiJPKTNyYgALRJFhD
427,5UCSI2nhNmmYkUDJH0qF4J
428,6IfbZrjrAld2imvwuFc9yx
429,0XKxT5Kd6T3yair58O4nq7
430,0IwjahXM4N2aKJCxAekp7w
431,4Ni2AUpC7d4M7nFMa3oquY
432,0VPir804AaU2Iw1ardsDLS
433,08SB2OtZkaliju77WYEKxk
434,2M4jxS3YAUfJlLxr09ozUg
435,1ITpqT1kDATCtMBwOK7sYn
436,1utTJXz5WzG0tONsJYKywl
437,3xqtvSfofDvSMVwwSbuvKi
438,4EgGFRir6rg8sUSZewSrSg
439,1GsSM1Fju5J1Fsu51jEsTg
440,6EeuY84I1Q3UJvpPN6iSzw
441,1WGvKEkU8c3uvqmZpUt5ZL
442,2OnrjKShafw7qtoyLkKNR2
443,0lEjxUUlKqjqXrVlIHFduD
444,0cp97b37sFNsdIbQH6po3T
445,31tf1qEai5o5f4r66Kd0pU
446,0uSVWoWfql3wPIMlJqBbOS
447,20lRpW3wCCNLvn0hlupPcG
448,79N9aDPDWEWND2oySCsTTa
449,2weRSC2cqiHbXSofKUeI3t
450,6I38dm7ckNQnLHX4EUXKOb
451,2etHQJxIbV0soyPhelVs9Y
452,515Xrd7u7EHy7xBLnoAO0A
453,4cptnUQG5upQxFUPcrZMdU
454,3zHO7vkTm5PohK1ISB1N2a
455,6SLsVEicNrL81TCoUh2yhy
456,10RJKj63vLhQe10ZZWsbaf
457,3xSEiVqKlhhoblSxbfCtUR
458,2SRLd3XhmyP2wwQKVRDDy4
459,2uWMj52ImAeeGQFJmVlU5H
460,7uJFQs4kxilsiPKe3UHPUT
461,4Aocy7YAyOYf5YHj18Vfj3
462,1ICKC4Vfudq4olci6pXRHR
463,6CCBxO0dVke9ild8eObS3l
464,1hE8iI3YK9x1VUBDtSzg3x
465,65ENznU4hwrR04whyJboxr
466,29TPjc8wxfz4XMn21O7VsZ
467,1MIGkQxcdAt2lDx6ySpsc5
468,0X5lj4BaAPT5TZPp9Qd5DB
469,1MSNfqOWHPcxzXz2Kw2W0o
470,7hcjkFjIyw8vsUOVIDlcmS
471,08L5NUKHYS0RO32tz34G4A
472,7LniD3cBTWpOzENmJuvMZb
473,5kUgMxXcpAdsnKumXs4J5Z
474,0joQFwiBKmi6X1Iq5R1ubH
475,4g9pJvaoIVrj89XWQ6HRqr
476,1zEbNKskIXJrLnuw5riAYO
477,3X6YJcqTinaNraRvojF62K
478,7KA4W4McWYRpgf0fWsJZWB
479,68wXv4DokvcOVNvuJ7FbWp
480,6tNnz0d4tijmTed5YB434Q
481,0ZwLWAwAte17DldUatgEdj
482,7sO5G9EABYOXQKNPNiE9NR
483,69C96XLxbkGtlAwhOaz2kq
484,5swqdDzbhWfuF9me3n49E8
485,4BYPnNTZkGpnd5Odm2JFpT
486,3qEOHEsyBMSwmiE3wcCTLn
487,7nx814gyT8DsdZpOsOR35q
488,0Vu6WUisw1MwcZUVKIrn5l
489,6IF1pYg7rM4jNJTtlYnnfY
490,26XaOsDMbl0e1cVKYfkz6w
491,3vonKK5uOX4mHb22A1JLi6
492,00K2pd2dQzlQyMiC5Ce3c5
493,4iN16F8JtVxG2UTzp3avGl
494,1O1goiO9Q6J28RA4ltR4ta
495,2o5njMc2yUKRyXezphrlnS
496,3eMv1zl9vJhN5Lp7ol5NqM
497,5JWC3G2iX0nG0JmZoOjLwR
498,2awkR27GHixnzSiswN0AiT
499,5kvxZsFG7khgQtR5od83dY
500,29nCFkQzewlDZKOnYSinZO
501,2ruY7BpsZRwr6UUzLeDSk1
502,2lbX8Jt97ou14yL9rqG58C
503,2SK8FHEJmKkvd7iMQCmGN1
504,3v2s0m2AFFp9ltiNvdBV3G
505,74VD75tGYXIHyZR0CmKFWX
506,3VI1Raz5Z7HivJBuGeJMrq
507,67eqrRkxp2ED26CEqvqbDv
508,2yBb1CRq98SSWRuDSn36SZ
509,4SqPtAd2irUOyLoLcOFtkl
510,6lAMnXLVCBPMXXWAK4lGSL
511,2Xv7xN6e5UJxRGwPWN0vYK
512,660ugsUJVV04fcrs3ML1cy
513,7uELmcXg4U2iCcrXMvD8dj
514,7B9SFykXtlvM2YCjKwyULL
515,5DOZZe7PypFsrvJY8KSjpT
516,08F16baYbciTva9P4BvpiI
517,2pGz1Afwxe0KHJtJLwm0Kd
518,4qEmZddPnyEpGkHeGTNmWa
519,42D7JO9zwBTfi66tg7wBMj
520,7onHzHeOVE3M9p0tNKQbXc
521,4exgimuT6EdLBN3R4Ww3xO
522,3orm4i9NmMXd1TgTxaW2zD
523,6HlWKkzNE1WP67OGqtGeBW
524,4VtNDouDk6gLgopBhp9di6
525,2BpDwT8ZSnuCAyF7BQDUsO
526,0rSuev4QLH0DydIV7PosuX
527,5zBDAhKVH4lAXzXwmPGThy
528,0w6webWdhjRKdqJ3DeGgM1
529,7J8V76XTLhJXAm8hwCQKXG
530,7N0cq7ULjRQ4bcy3IscmAH
531,3DS5qjkZLta7vu6U1nLj35
532,6XmT8fIEfcS3ZSVEz00U7m
533,2TyGK5pkUyPUp4LT7yI7MT
534,48yXA9OSJ02608WYnTo4ps
535,367HmvU5MpsWZdAJ3QbGlZ
536,0qdSK9Nr5OAvWzPA5OHxw7
537,5P4Dow1Jc2NhkknIuPi5Nd
538,7b8aKAUn1BB2k1clevj4aB
539,5VkuqayHiiU5ZHyYEH4Oeb
540,171PWhxgdrIOgcAiBPO3Gr
541,7omij53d6AvXefx13NNyfn
542,1fOkmYW3ZFkkjIdOZSf596
543,5Dm5qXS05J0w8FnOflToIN
544,5ZuKMj7njILyxDytfE4TC3
545,1NQP4rYbAnw21eAfU4RSK3
546,6bCbBTw3mqHWQwhFMMaOOq
547,5jb6DqJt8kheuL5XsBBiXG
548,5psl7bZImUdYdKfajE2r2v
549,4QhWbupniDd44EDtnh2bFJ
550,3Sn37rCeOrXEvKpI4fkSYn
551,2R0lQwSGMu3OZpxbDaVkB8
552,2rtlKELZa8Yz3YRBZz4YqI
553,1gf4Ez9r1h74QZiTFcb3wy
554,40FsuBI6VgWa0ouG9KcB0c
555,79ADanDPMKL9FdjJmdtNj5
556,7MTmPkKezlfu5imj1irLpH
557,688DZF6e1MH5Uf409dwaHm
558,5WfACgyEk4rwdWU3rrzNt1
559,5LtU7fxA96fD0xEqrrUCiz
560,6K7Puz5CGZN2wZnNyTW7ku
561,0Q5x5NQ2ub5SRd0YsaZWdL
562,5YzCE6dSJC23yNCUyAHXsG
563,4IX1G5Ibs3aWyiSLUO7OPt
564,2pSsHnjAgEPjHmet7ChlHQ
565,4suxzxASWmYwEnsxKjZYjI
566,3LcFNj04sHJson5SIrRPAe
567,0fq2N4qK5B4mDuVx9FTpkc
568,46OaeacE8RjnE49MB5B2Lt
569,4emJOvmhqWJAxpwB7c9JJw
570,7aEyRTJPEITFrtuq648Mzp
571,4HTY26kzdGCKJF1EqcRd2J
572,5deXgGdMVJ9udzS9eXYYeK
573,1c2ioaI7DjOlwzdxka4xYT
574,7lOWMm3udPeBvu5FDmpC8h
575,6tdAmfHEd4cXEkNbCMgOP9
576,53yFY7gXPnSk05ME87QL5D
577,0pE3Q9ojNxS9YvN0gGzork
578,6QWz6ZtKAqp6Aqh0QIG6K6
579,0LppLsxXXDBTqihx84BJGo
580,33qgZ7mWvlH95efOGQqfzZ
581,0O4sIQ728ugLlwBVaxF8UM
582,1CrPPsibP3uTc3DSI5vQC5
583,5rhMc6IqSdVsyF7bRieSTc
584,0k2HFzw2iQENrU2oWtVJEb
585,01ukVTKa6DhejzNulpoG2t
586,3LEvqWwkTAZD29xXRNjWSk
587,1jzIJcHCXneHw7ojC6LXiF
588,2drtd6SptpMJ1KylMQ7mrE
589,4e4V3HnqACg6CTuiHCTZsp
590,7osdzxtjERvxm03DaPsubC
591,2PGWwZuMMhkhetYpX2TVnw
592,4XoN5kQ4eIRPwCqMQ3U6iN
593,2NlegEcb8J6Db5uvP7nUpl
594,1JdFSVTGl0gDJJVUTBvauR
595,6icmV7HGzKojvs9kaZ7H0s
596,3qZTymkWpHt9JwICJKTjAZ
597,1AiXw3kzneDrpeYEBCFnA1
598,1zm4wE5UxlqWMkaGWcopsj
599,7GPstnufSTScEaw9dMxO9H
600,6wQXjA6KWbwPT3ydQCsJ4P
601,4iHSE5R1U8jf84tRn52xRt
602,3i20IX7gAL1duRk21jKxWT
603,6X5x6uOKio6vBiHyptfkGV
604,2fAxMyvNvu6wqVpoqsFiw9
605,7m7zZuRVyRsQunMbcTc4e6
606,7E1jVNoWuemqUryI4FxsVD
607,0GGfGINoVYiSFXPOjg3RHj
608,5HBcMAMVgBVUWiLyiK7q4I
609,4kjoDwHp9VfHWcEaK6pJ5Z
610,02iYJG3KLBJODa5JkQ4O6y
611,5sxh28l6HfDFvcV9rWsbot
612,58r4JuwHhXLAkttkaUZfLw
613,1xzBco0xcoJEDXktl7Jxrr
614,1dhO5lyN2Otv4qR0xWQXH7
615,1OuN92HcVG6NVpWbeESNB3
616,1TPLsNVlofwX1txcE9gZZF
617,4d6z0mKVcnhE5x0YWvTexh
618,74bdnHhtEzkM49KQJh4hK8
619,0UTyLmkQgPOEIz95OVAJTR
620,0jHVNBt8A9L8qEAB8XxGuB
621,5tvOLMuCEJqn97twRmMhW9
622,3Slv3vJ64a4bW8yR0llk70
623,4uKjkPDGkkpOHxw152rM1g
624,2tqoJQbv6dNNOi0PCCjuse
625,27a1mYSG5tYg7dmEjWBcmL
626,3sTN90bIP2cJ1783ctHykO
627,2gbMPBrBVj3CuNTLp2dHYs
628,3gWzTnziivUYzqXtnvgN8q
629,31kGgx2ZhRSKtQz7uNEdA1
630,7AYUU650rqKD75E6nNpBm4
631,0Yjk3HrIV428JI3E54dfQV
632,6Pwe5M53gHV5DJg6ANyfx6
633,4p1Er46wDz4zGQI7Sxor3W
634,4VYEnxm7lmtG5sEEbcmORB
635,5CTaFr3yPs4SEtCMt70Hfv
636,0RbW8kWozrVSIGb4V13o0o
637,6DZz58CbF0AKw5PCKqNKcM
638,2Rd4eJ4KwXQQn2sMSToyUM
639,7oAN2D1k9Qz8qh2JaNcZrj
640,2ZUJsR8HEktit58X6FuPQM
641,3SYLoL8KHxdQPYIkfwmUjN
642,0Zm7NKJgoKY6ZWwtoEUILK
643,19woxaSpjOefa2JnAOoqW5
644,1FQscMF28gtu5S4UyYUWsP
645,20IRK6kPPtRXCJQyCZwFdU
646,7Bpx2vsWfQFBACRz4h3IqH
647,3TrvMKpRrjbfsgbqp8WIBu
648,2LbL1HaoZrXrCR538uxUjl
649,7u8dJ9UzeXNOAMUj6qC8fN
650,53tKpMeDRvMq4xKvQzc6Ih
651,6nz35DNIzbtj5ztpDEcW1j
652,3JXebpWufTcs8iegiRCBW7
653,5SV9SnHkuHMh446QsgQtry
654,0fCMenIQVERJavZT6QNGdJ
655,1hgJMdjMg5eyPqWlkVePxx
656,315erlcEdp5JqHqQQLQTiD
657,7BxOnIN2GIDEss4Eg3weRL
658,0d33DG1uICHiennWuQUjzs
659,091n9MH1VUepOdhnv7SLci
660,6r7ULK6c5CLVvImjTIztl1
661,2yZax79pOrYuyIFVW2cZY2
662,6IpOuj1YBXYriHna2QVKOL
663,0Gfg7xE8RfmCXdtCAGVVUD
664,51EC3I1nQXpec4gDk0mQyP
665,72Pf3VRjCGRpnhCthX2oYk
666,4wLJNd3zIfm68rMi36JtY4
667,55Q46o5adtSobImSKrrlqW
668,4XOXyktJSSyepObphQj8Ke
669,6Yqmv7XJLCrQEauMbPGZSw
670,3Dah4SWoWwekrG4GShaHVP
671,2ns1kl3c5NMvGCt2xVMNlI
672,4RVwu0g32PAqgUiJoXsdF8
673,5YZpdsmpazPtBHFbGN8mon
674,0McOOEVI11ks2PPOVZLou8
675,4JsTX2WkPcdDTWbchQJuko
676,0xta6Gah3inmeHbj0e3F9a
677,051zam2WDIKOLdu4XYpCaA
678,0FfqyjhB6Kspvit1oOo7ax
679,2sXf2JdbB2GlNju00kw9WE
680,4t2OeILB07eMGTXSUbMPEu
681,2KnuaZYoGzDoHiBTNYOTXG
682,3uVsdnIglL7aTjm8X08J0M
683,0jgO2f0lAPSs36KBAHx9Dl
684,3EzYtOjWoZQ4jHe78hfpQo
685,3hX0ilh84w2KGaiNw2rRCV
686,25tXNghelZKdGZZVoSL9Yg
687,6lHN6T5ZkPCEKDPZqDKcYw
688,3mtaSob1BQO4HMSA8lWKRt
689,7IPKXYU2rTMnrLW5IZ7ZI5
690,22agj1ppHejR41cUyf7k6v
691,4cQrSREMqBSvJ8ZzBZjVb8
692,27NovPIUIRrOZoCHxABJwK
693,777evZve3OzCbGOVaVAGiU
694,1ww0qfkCgxArPyjqDFtBjQ
695,5vUZMotVhkVcizIP0qrgr8
696,6vN77lE9LK6HP2DewaN6HZ
697,5hcr7SC38zdGTJTKbFLP7o
698,2tKXH7NdVrrjDvQrv9CCVd
699,4hFQTvD4ZioWwAG3CWfS9D
700,06YAQv6odmXWnR9pzMaJOm
701,07hzPXzmVs98M0eRsCINt1
702,7JYsArznYOjX2jsrT3UEnL
703,67RGFObGLxBAJDLrukSusE
704,0RZLmpEzGR2NHite6rvS5H
705,0Dx352kZFiXR1NlcEMDJZx
706,29VdNzgJIxzlIDkIYjFQqS
707,3iO9HBIBWvHwm7F6ZqYWNb
708,5NMAEA0qHHQIdEonThjrGo
709,09lmo2B5ziC7FIrojzKktE
710,48U5AbxDzrDoVDZcOcXGAz
711,49YDCahXCIaY44snUKv8JS
712,0zQozK6hcYKac7akteqBgz
713,783HW2WzbtDifgPrQDaxvZ
714,68jGk6WgE9tRpS1e6RvSsj
715,69XwQkXdEOUHHTKxgwUDlX
716,14gkWVFMwdxBMyqBw1wmIg
717,4Po2ztD6OBxolnmDagEh8o
718,2SBt41LTnZcKlcnknUgcvF
719,3RXGbZhy0Hyur2mSVDlu51
720,1VnUHwES1tSaWlNHcHCIUt
721,4JvTUper6kKrGUuOPsdhI2
722,0zfsHae5pzUPpEuXjtEqbC
723,16hzXScDM2FcpfVQr4SANI
724,6uLQZUmnvNUk21eenS1ydX
725,3p8Oj4Ee98T0JCjIQCPneG
726,2zwmugV2IbUwKq5JgOWEpv
727,0du80hkIk5zQfc4oLNUfKx
728,65UcBkHqJoIk33vfxqUzvm
729,7zg97q1UQyQgIhhrAEke45
730,2yuDexdINZo3jxbFHf5fLw
731,6zVMG4q2ii85aGLBIpPFSa
732,7vUbnU8XibkKccpuoyWqIm
733,3phwC9mMlIwLuTuhReiYia
734,0G2OvqpvifsIHALlLqB5NG
735,5jChOuQ6ZdvwUFOpMnMZnI
736,7DTlsMOQjGysXHpwwpHuPl
737,4i4P1ACAeWcyJTxQSd0prx
738,48WidxP9CqyYtk97pwGZ3c
739,4BZYQk0qoFTnTKY90Q8iBZ
740,6qouBO0wJtYc3k7DfKRUBx
741,5BfayLeEScEePDYXJCnvU1
742,5CBEzaNEuv3OO32kZoXgOX
743,1ayV64ur8VWgc6OPtPRl1q
744,0FFsgUoFibYISzMxuGS61W
745,3Vi5XqYrmQgOYBajMWSvCi
746,0W6I02J9xcqK8MtSeosEXb
747,2HolBGR6tpiWI80MXoV1dJ
748,0UDIaktcsCSzl8km0jyBiR
749,7IwRg7xzgVtugj9KFFp07G
750,4nFAUqFou9ZbWNho3jeY1h
751,1pbbsI2KGPOMu0HmuGccBu
752,09xpQPfKWdio1wx6v17dGa
753,7z4xW9WY86uH3gd1V9pfCM
754,2X5m6irq8boS50Efx4oWew
755,4Hta7Oy5W9HD0UgT1P8PPV
756,3EG9FJ0ToLfgnc1IG2Z1wz
757,5B0kgjHULYJhAQkK5XsMoC
758,46oHvXwpEZOFX518we1nJD
759,13HsOwrwTA5HgLuoaDHncP
760,2goHCrsDJaflEwQ930ef0o
761,3JJL91ilRV6fXhKqu0FGXs
762,5fbHRCsGpFIOLRtlhCRFDR
763,4ydmav4vl7hebadtfZtMrg
764,3qVOLPO3RJZrggh1Is3lnZ
765,0jEAMq8CdCWh7o0sQCZRON
766,0y4YmA9UGpQnWdIFbWBHu0
767,1cly412sbIKOsdf3krnLuW
768,3aQem4jVGdhtg116TmJnHz
769,27Ce1FgVTuZgRNQWp7OOaD
770,53SIeTHgXuAOd98hZWV2wD
771,16B77qOEWQdMPZL9hfe9rq
772,3HKk8Pi3gKREOrlFPDc9eC
773,5H9dz6nY2JtAvtSkX8Xj5K
774,64v1g2HcPumBz2Wd1rT56b
775,7g3hyRYCjM27HBHgYRp8MI
776,3l1DD2X1lomNhj6xO3ftcb
777,2gG6IqL2enOyLdluSTcTTS
778,5yorXJWdBan1Vlh116ZtQ7
779,2gAGWaK4wvt2xrFUlR4mK8
780,0XRJCK2hggV2k3YVMzZDei
781,2NM0qHzx4Ohy8iXHEEgwlO
782,4KD0lLJ4OGonZhBeKtct9I
783,2rXVtoLBHuXcNB5DVfIc9p
784,4247YJG8yYQdru9F53RhVG
785,4w7lBzX0EcDuy8tQLQvjC2
786,1pnZf1PWmF04OtB3AAH3A7
787,65OVbaJR5O1RmwOQx0875b
788,7k51pIqTGEHHZOnpI11Qq2
789,6lU17eD72HITJQi6whfHH7
790,748mdHapucXQri7IAO8yFK
791,5lVvP9hPWY3cZi2tu7BP8B
792,6aSyCSqNFS6UDZBzAlIxRc
793,4ns1XFP3W5JPyzvnAjMdHD
794,6bUNEbXT7HovLW6BgPCBsb
795,1YmF9PvLhIISIANoMLIYGq
796,5SpZDtg5U1W35HNjq1xYrM
797,1OGDBmK8pztbZTgGKc69is
798,4Cxy9yPLLnGHyKL3jRlWit
799,0HjljpsWRCH5wU981NYPSb
800,2CwUy8aMNWAislPr58fDvI
801,0LggcOLwIBQ50Ju9JWjhA9
802,7BvTT1yH8V3dEzU7sPP2kl
803,1TXydwDv0VSV92ijrUNBfN
804,0l6D20UUxbOemPoaGneKK6
805,5eRulz8G9wxq74BQtQYKNj
806,6kwWXm5ykHYBnY2Dcxc9UZ
807,0pLnk5WxmiRCFPVkgilkX2
808,5BwQjRasNcdRPuVWKcHto2
809,5OkYfk72CNL8XLqa3gp9q7
810,1K3VcuM40p1fJHaORY514o
811,6PHbWsTTlmQKF9i9VC1KFv
812,5ROuFdNB1Z4xSSyxZDS8Mj
813,28PeqNMnFfVQnXvXmyf88G
814,1TZv3bujNaYz646eezRE91
815,57ZUX6TNyKLBydAdVVd02x
816,4YiY551vHi6glMtgVxuqAy
817,0GAyuCo975IHGxxiLKDufB
818,5W8jRrZ6tWrTrqnKRtIQBf
819,1d7q712nXjG98HiwHk7HFS
820,2cnKST6T9qUo2i907lm8zX
821,1D3z6HTiQsNmZxjl7F7eoG
822,4xAdZnFbNbqGmlke315jcP
823,0pvPWDLzZcWFyXO2VantXA
824,2R2RbXbA85o3pUFKpWzU2m
825,5N1GNgyX2hUf8xm5U64M7X
826,5aOpPQasVGYgmeMy180i6F
827,593RozgFGLHBsPBNWmCpZ8
828,6XjK9GYlhy9mHkWEn2FjYm
829,4kRDKdNS9K7qX49fpnQJkW
830,14Dmm0fjGhSpA2PtHqw8iw
831,5dLkQJdUKnsxZP0OTAynxb
832,6I5VbxQiJYBetYKdlRINr3
833,6hDvPTT67OgU5bAgAEMcOb
834,1O2mRBqm1famGTQluhQx0G
835,5jd4jhBSIU14CKHN7gGl7x
836,3mZFf3Ru4er3cBfzWq72Ol
837,2GFExyKXf9383tSRSrEHEt
838,2W58HMaCbjcUfZnZaeHtcC
839,2tpIAmAq9orm1Owh5pja1w
840,4TZdeM7zelZGz6JPrXSEZ1
841,5j31XAylcz0LanV2b55pXS
842,7w0lCrXGoUj5b8DgW5wZlx
843,4BNqWebyipWrMsupuTmKO9
844,34KUIBsIUiPV7oCIzSdDAU
845,6yIjtVtnOBeC8SwdVHzAuF
846,6SN1H9p6A0UbsNpfkxEEX6
847,1Ah98OjmxwaDlmUVYHVqpy
848,4fcvLmCmut3Qqxz7k31iVx
849,7wlcweEsneQgizqNOrUqJE
850,6X3km3A3Wc5o1mQ6gRdSmo
851,288WeIAc9VHbIjZgZGxsHs
852,3GXSywNvYLAVUCtjMHkKDh
853,3scptj8Idke3JxqmewOlJ9
854,1pcQuTLoGqDxBDUhalDTFk
855,49nkBg3OJtp6m6TQPmG1Qw
856,0trHOzAhNpGCsGBEu7dOJo
857,3ZPqsNlUyRHebbc6r5gSDD
858,2llgOorPtGZStprLURFVvx
859,53C1cEmECQhFybYyArzBBO
860,1wpMmicIKDLADwKzeZMdNU
861,1hROrBBPwF4rG3AuyHjlOJ
862,2m6knc5tEfzVYwGY6GlCPm
863,1vBeIXlzbAieGoDqInav5j
864,4ZsxteFcjn4BKp5hGMnTt3
865,7HlfcKfWPWM0s59fIgPBoi
866,3MK6OsCb4VJGdPxvXjW8Q9
867,0mlJoKzEY0kyTXwSr7k3H7
868,6DB2KOEwHnjkgEnBt5SdeJ
869,0t7fVeEJxO2Xi4H2K5Svc9
870,5TXDeTFVRVY7Cvt0Dw4vWW
871,4D6kLgpTiuAsgqZf1GMcCq
872,1LxGD8OhjSXuTE99N6btvs
873,3iJya7m7trpGv570Ske30n
874,3UChNf9rb9hJZvOcU9HCTb
875,51XZD1FCrWyU3dDWJH4nzb
876,1kdixtbMh0JUWlvSDmfM9I
877,6xhBMexgwMR1UMVoE0O7mZ
878,1fIwcBaGRP9xUX98McNNLl
879,0946VVOuYpcWD04kxXHZzP
880,7p0YjA21Bn42oqKESECqQD
881,7050rrS8ipHBjWmNV7PpXs
882,28rTn8MVzVqRQtvkOyuoy3
883,63bo7NDoWdMFXufhsYOxwG
884,5QwPQLZIG0RwNn1NwiWskp
885,0TCmhnbMpw5zwPsTvlXTJi
886,3We8H9cfhS7x4hdwBn9vXW
887,3uOIoS7lOvzQAtbbyttHp6
888,65mvvdnbRTadGb9AoIjD3g
889,4X4cPQicoAfannkUFUXmi9
890,0Oi1wJRbRy3ZP5phE9kNMC
891,3UCsep8Bqc3qSfYUC4YZh5
892,0ZTnxnWqzIyClPgZdsC2vk
893,2RmENPt0yPmU09BKjKC26M
894,7qT7NUDywO7vNJNTNxqWiN
895,3afeZ81GDy59tATovKyH6Z
896,0ZenaG5GmQrLaW8pjQ4zTr
897,5xdLhGUSJfyf86qd8ghX49
898,7G9VsVr1m6YzaJgHyRgz4y
899,7Hp4oQUGPeySEqh1n1koVS
900,302g4Fqj8qXNqfjfUfGlfn
901,0UsNgv6unHisK9NslsZxwz
902,5q6GyhYQUAgCWDuMZDXXUG
903,1Ac5BDsGUMQ3tsW2vnc52x
904,7EBxi1g2vy4V0QWzGEmsXH
905,4welD0PIasEdcX79acWMgG
906,3gOMfJGCFg2g6mwiaH06GT
907,2CrnRMY4ksVkt5u3CiAPGM
908,1TWNKyNQOBfNUkWWs7FooF
909,0jkeRqlWciqKxU3iHQfdWj
910,7MAibcTli4IisCtbHKrGMh
911,1h2LHhmyAXi8tPNLi806JA
912,45wUgd2iiEwvquVT3xcNDA
913,0bgCMcpNvjH92GTQfZMvp4
914,55wOuoBnNDYbtKMjagrdEX
915,12LA0nY8n0aO2KMAQqYNTn
916,6wuBfKSD06dnK0bklz2aac
917,7Mch6uwExaCRr5HRtszEkI
918,3WTtdcUzYmcZOePSXc8o67
919,52dZyvQ3mSuS76t9Dok4hq
920,5JivFvyCCaznVexlRLpZqK
921,7CFsu8MYsB1ikEHTxgYqZ9
922,2x5Frs6ts14U4MSLrQQlXg
923,4NiLhQmQQg4Sqss7rJOU6B
924,1oFEAWvPHP5TdSlmIs77sV
925,70He9Bb1JohHQXq4XAavQD
926,4Jtd2uIBBdAl5bOaLVIlNV
927,7wMCECqH5hlj6HF2J2LKAZ
928,7thhWP37F1tHFcrnwLNaao
929,3pEGNvJWWAfDSuUrQjEpEV
930,5DSQm2Rbv5k877A1sixTfc
931,5CAywHU7hnMrEabrwVT1Ro
932,2VqKx3HH8gaZPabNWYvksy
933,5n1WeUNWJIjs9ueYD4v0Pt
934,1hRAq4P1FKNHLyFGUk7cLf
935,4MwhUpDkOOb4UU7BtKznlu
936,6G8ybvaNEW2nn1wMzvKjRc
937,6Tn7mq4d0Lk1GSP9FcW9Pk
938,7u90MSvVyEjL0c8icaE7jl
939,2JmFRXaJrkAUD2cs6U20KG
940,2iwLygOHE2YStc23isxS3b
941,7trl9yNNlUQcStb3dcD4eU
942,1es7SpekMUeMAIlG4iEJKX
943,7ctUZZrE8nIerrGeC52Vkt
944,4R3imb3vAsH7d1YslAYy74
945,23aRgLojqqdbMsKXq7Tb9a
946,1mAEQbdq0dZQWfujWG6rCd
947,5LghBGmNUUwI2BvX2boIdK
948,5JISV2O82kiiwdEzx7ZL9b
949,6XrRiRgDivf3Kv4CKuQh9o
950,0WWIm26GCNHK2BgReFLLwn
951,0ECWkqtSIryUYVjyJMr0yA
952,4aRqS4w0qWT56NU75UeLYp
953,18Y3zi59zjRVUEjUhdApSX
954,6CQaVuICm1WVXyy3SZ5jEI
955,4rmgNL6vekBgxzzYjynJ0w
956,0j8ppsOOawdPCJnSTcXgOy
957,7HvtrRyRYqSOhllmbIW1Kh
958,0zpagQe54cICezFGfuLu96
959,48oKkuzaNy4Q7UR4tT0EYG
960,2EX0x2bYNincGnLLdc5wir
961,1car18lpPH5bDwhCLSauNk
962,4DxaBl7XTThDb9zRZjIWOB
963,4EVhNorLaPpRpVezpggqjL
964,01gJ7CFSUKQfgRLg2NEb43
965,2LMkwUfqC6S6s6qDVlEuzV
966,4MXhiYIRDMGAuvZc5IFTwC
967,4b7mLZQWsy0rLnrMtPA9fQ
968,5HkJXcRA2gPA7QNP9ozXgK
969,3VxXEY0dMZgZk1gs6to5Nu
970,1yHmbFm61m6aGqemhyOv5T
971,5sdkS8DXx8rXNLxbSos8GS
972,7CFdji3daThHXGROYNnkv5
973,4yG3P9BGIo9Mslr2rwstMy
974,6I9LI8msrwLe1OmbgknuKk
975,36ihGPfIrRqwQGl9kYMyGs
976,0y6zN729H9Vti6RgnOeWyJ
977,70hDklZStSazrExPjHJPfR
978,3cVORyVyOBOPqHXgHgV1WJ
979,4OUFT2okeM8Q11ZocQ6bKn
980,12whPvsw1oxuuwlD27mTeb
981,2J3ajGI1sVj9wnqThJHwPS
982,4N7i6RfJXMWfkx9Zr6pzkJ
983,3YJJjQPAbDT7mGpX3WtQ9A
984,4pJcLxxNwN7Jc72axZXI6g
985,2Vc6NJ9PW9gD9q343XFRKx
986,6yL2kTsdVwYnGwPkKGtMd5
987,0uCIPyaPjArUBR1dyGiRfs
988,5TwXIwSz3Y0hkxPJ3RK3co
989,2fDT3A5tLwiySARQEawvRo
990,563vSy3HB5NHxel1VGQCW6
991,14kYOiFVPb7E7NfFbqhdln
992,3NbTQ8ZbHU6MSEVUFAVCJ9
993,6MkQb4AuZ28zJPPMyfCplO
994,4dRY6HTHcEUzzHsI6vSXlw
995,20EsRhRmoqwgb8lWp1Ts0l
996,5YeHLHDdQ4nKHk81XFWhCU
997,0WdR2AyLW1Drd3OUdwezM0
998,70khXICDeTTxgYtw3EysKH
999,7l94dyN2hX9c6wWcZQuOGJ
1000,5GUYJTQap5F3RDQiCOJhrS
1001,5uQRmdIqyMmKPWJcot4UmV
1002,1om5SLZiUA9DVEnjcZBBzA
1003,4DuUwzP4ALMqpquHU0ltAB
1004,3mkr5TrEjhi5RhVSjvg0nM
1005,51wxtCuipwjvvT99wsSmCc
1006,531MBHrtGF6nAkK4zUafi9
1007,23uJbBKyqs1dibvfECdjSH
1008,6hlLKByDfmpoQQrfag0LzV
1009,1JyG5yuwpN0VIi4wbqvDfB
1010,0wgElszsos5fWd2lT8AJGG
1011,3480Bay2l3UPOUHIg8rRFf
1012,6BeNMWgPO9ClCzOxOE0Bcm
1013,3IB89bAf5k60jLUFoWAmn1
1014,38CnBT7s4WHptbuW7ttRwj
1015,62PclpoBFLl50PJpiJA5RT
1016,7hZdzXAe5g7P23RAlnFFaB
1017,2k6hTCsMn3uKoUpLLURZRu
1018,0gxVuBfUu1TbmFyJZwK6X0
1019,1CIzhrgxyfSYsMwa0slZjx
1020,7yCnaurslc3ko0H97hZV0h
1021,5fw8RIVVzEwqWHanp8jz00
1022,26RYzOUyFqLIqMcxXg77YJ
1023,2Ni71yIKfQ8HVaZqhWL1lA
1024,7hgue2CGpzs1SCP9VswVyJ
1025,2LvRR121MWFmmEGkuV2vQP
1026,7gPYe9ZaluZZAVeKNtQUHC
1027,516V4vS25xnGdVgkBWO6Wf
1028,3f3HHRPF5vAo90GwdpDMaQ
1029,1snNAXmmPXCn0dkF9DaPWw
1030,4t0UsYzmmmZRMTWn77jiGF
1031,3AbuBVQgSZy4kxV42byb2g
1032,7ckWkC7fLIxvcktBw1WfHN
1033,4azpxOozyGBpqBZ9OlC9L2
1034,2Emh5N9FIPPmM2OD4M3tD3
1035,3ITlVFo3Do55Q9hBFYGySI
1036,4PDfwhqOmkkocOHg4Rh4Mq
1037,6AGOKlMZWLCaEJGnaROtF9
1038,4Kjo34blxmLG5HNUKEvHRM
1039,7JwPn5JskUpU4hIYow171P
1040,0SliiopgwbmEG1OmnzBDMY
1041,4X5f3vT8MRuXF68pfjNte5
1042,3UoULw70kMsiVXxW0L3A33
1043,0HUdWSPyrr98kiAdR3Mvyp
1044,4y4spB9m0Q6026KfkAvy9Q
1045,0336UwEBwBBao8uWCuugYr
1046,23dwrzeJtEEGl2U4CPWSor
1047,5iZ5wjTTxSIv8Cfrhj6Jla
1048,01lpL7ZN4x3znSlYCGFV89
1049,5ciCKiLGTIgfHKV4MxjInt
1050,6z4irYyXl1b5dqLixcFS8W
1051,1Dwk75TWOZt5G1wsFsEDUU
1052,00R0fEFZGb5hyTgF1nrRCq
1053,2HDcwjCIFcFMKF5umhFXFu
1054,4jNs9cJBsFTiahZAe3iuwV
1055,6XyFC44z3MyVMd5ZrctiWL
1056,25Gp0MpGdvrs4hL1u4L2TF
1057,5jDIIpm38XbdvvSt4oilcI
1058,3oP3Tfn86FRmxAGsV0TqCp
1059,1bvPlrTtIpj7CSXRaJpALg
1060,2i4ADE3WMDarWDsQNiTqWH
1061,3xrjxWfJ0oZ7GPcPIYmmkP
1062,5rrMfW2sh52oy02sWLPZVM
1063,0XXgkLA2n6wpTlMG3V3VDm
1064,6u7gmPOz7pzzaeR9xSBpsR
1065,5GkQIP5mWPi4KZLLXeuFTT
1066,1DrlLvlYd1FIjNavRm6NdX
1067,08W9Md8HXeJrx3omSQE2NF
1068,0iMGyvMJqv21SF6iTxrcvQ
1069,5DBmXF7QO43Cuy9yqva116
1070,24QH8IlI5nQslKXSvKhoR1
1071,5wTpnBRTx1HSGQVDZQ2VSh
1072,30epYv2blz9dv2nPBeWr1f
1073,5Q4UX8hxcaJEtAE9RtsmSY
1074,7igeByaBM0MgGsgXtNxDJ7
1075,4oQkcfukOHfKsmeoeXQLWC
1076,3S9sOinGDsAlbcgV0MpZ50
1077,34qsGHH3KTSn3DMTBwbH9y
1078,64rHDxDhz71GtHxs5QBsQ5
1079,3SHWZGAvCDcAajSAw3KRU6
1080,1AJEfhkGLdDOS1wivzkohr
1081,2o39xu5iPPwLutKnKW3Nzp
1082,0rjvlFcg4QVi9dDzctDDGD
1083,2nPLlVPGNgmWYc0ovCUa10
1084,6oplbouOXAVc1EFKadVUuZ
1085,1G3T5V2s3fKF0jhSjr2ZjQ
1086,4bZ7AZNl13T2t5VI6Dzn1m
1087,4ImbwgGOqvNnKJADZSI8lP
1088,0v9Wz8o0BT8DU38R4ddjeH
1089,23TPP1eeElFfvYVznskwCY
1090,77EseIwL4dnUACjF3YmDWz
1091,1Y2ExJJ9Dmb9po8K0ybSj3
1092,1IVgPGfYxyuOLKOYdEBLOW
1093,7L8I5H4YJpBqrdvNjWHHpU
1094,7uJvH1U5rhQBEwJILAyA3D
1095,1dEy9Pl81QopSxNsPxXQxv
1096,0Ojalg1Kgxko1ySmvIstYL
1097,1ng36571Iyov4HBxUClySn
1098,7y9x9TlIF9eCcccxvZPzEj
1099,459tCOv9ZqWwxww8hChdnh
1100,6TN4FrJvMdYrLDF2Lz7ArI
1101,5u8o2GmxD3i5wHYnth4Ux9
1102,0ZVPABdzJEa0nG85uAlBjB
1103,2K2EtjQhdYijLLBNsFyFRO
1104,7HtNRW16rKIWHaHIoRWUbw
1105,1cXa22Jmxjt6SI2oZ1NRM1
1106,0LLsvPLHxlUk1x8r77H2b6
1107,4SVTus5gJc5cfkFZ8ELK1p
1108,3Jm2q6KS99Pm2uOH6anRJq
1109,50I7FNN2rl2rWiNwGxS146
1110,3WaDoMDQRqDdgtCDLxanpN
1111,5TXQCMKN6TgemTL3c4wRTn
1112,3CDVMejYHnB1SkEEx0T1N4
1113,3ruoIF2UnoXdzK8mR61ebq
1114,6pcywuOeGGWeOQzdUyti6k
1115,5SWnsxjhdcEDc7LJjq9UHk
1116,3BIc6CjDJxm6P1qCls2nKa
1117,7IbGa7PhnXHvUOvhELtGgL
1118,4ja2gzrNh9VNigzoXfmbwD
1119,4uyoUJ2NFzag0bz36kfQ0E
1120,4qCnVyVr33n54kePfse8ED
1121,5274I4mUMnYczyeXkGDWZN
1122,6tEaLXZlN8b71vWV1SSsRf
1123,2Ou23o8Cqkrn46rLKLDLK6
1124,1E2YetRYB3lzjt5E36MjFS
1125,6QrgxKiGjdJ5wOmZvGzWPu
1126,4qMrWP8cIjPRW2GnKu8DNI
1127,7CZhfP2PiPC79NIAUTdkVp
1128,5dl8x4xLEzZC0f927WBTUG
1129,6zvqq50PL7io0rprbkrYc9
1130,5E7p95xh9Ul4vZp4LEoJwi
1131,5322NokpwRuYlSykOnmUdI
1132,32zhF8yXc1lej5EcudJXp7
1133,4BfsmxFJj34y0elzqPfx0J
1134,6OPOa3qlKoDUzGpS8MrcLi
1135,3OF76yx8CGiDwzSCT3BeDv
1136,4p1pxmqtPtPHqWbOd2RgXu
1137,37PSljWwMyg3JhqWma3Wai
1138,5vgdeMt4uKUN2BeltZjoDh
1139,5hRzAbY2AAO258hL6oqsqO
1140,0od5Z2dNj0PnfmonZgNOSw
1141,6NszDAUWi40uiQhXRT9p09
1142,5hQkeQIKo8okY37PsQGuy1
1143,1ohxmwWvLNWIlt0kUo8kZF
1144,7f6CWizFGRfpyOstAbyxy1
1145,4gPsuFrcrFK0swnomEWymG
1146,7peh6LUcdNPcMdrSH4JPsM
1147,79H87DHga7uOxkvFRGa4a8
1148,3LXprYdzVPc76n9ypWTrM8
1149,5qC17VMNoZdF2gAw28FtsV
1150,38ydcsbayM4oX21Hhu84DT
1151,1Omt5bfz1tZUCqd26HxbS0
1152,4g3y8pJGXiFfwV7QSsOPRv
1153,3Y4rUyw7XBCK6hGHCOt6rp
1154,2qU9ro2FCa4WjFqTg1JFJP
1155,2aPTvyE09vUCRwVvj0I8WK
1156,0phxK01nh2jkPnYe9wLfdO
1157,4BsLwvaJOTOHDNg7xMpvrL
1158,64Dy3qJDCFug6CySbswdbO
1159,6XNANAB7sFvkfho6bMCp7o
1160,2GiJYvgVaD2HtM8GqD9EgQ
1161,0lSwPNIpw17DxbM8WyCUqW
1162,2p4ARx5nk3b9Jh07ivQR1c
1163,2zk7TQx9Xa4yxYmsjgDCPp
1164,4wO7yMEbyjjZZJAca2AykR
1165,2ZKVW5zwzYcuOKGKlXexj5
1166,10kkgS1Ua4pgXORO8dUtDL
1167,1qxZswAdBvM0JMUoV83J1b
1168,2hSwwIRD8sahfwQGjFdixz
1169,7rNjupJkjsc3ANGeW0RCYj
1170,7t5MUcFIIayP1M6TNhtWE0
1171,5iUQMwxUPdJBFeGkePtM66
1172,1qAg4BNw3pBEBkgTwPzo64
1173,1iTiSQWPJNqthOMG8HG6gI
1174,2mj7x99sNUsVHPBRK51zlG
1175,13ureYALF9sCGjSYiojXCB
1176,36nutPAJFggPeddyVWDFm9
1177,6dB4Y5ydC6cc7jsqr71ip8
1178,5UKViIqKCbWcZnGEALL3GE
1179,4Xlt7aWeALTty1MLs7Cetb
1180,5vPO5ouEv8iedKWxzmSv7b
1181,2aK7rgrz712z1PUUO1dIX4
1182,2m9iOlwhkCOOvf8I4WjIdy
1183,7b6z03ctOD39o4Cez0wr0X
1184,3VcvuUeWhOP0LAxtaRpWe5
1185,16UELAUUKswYCPLQPM0ZI8
1186,06WnUZymWyJamDivTWqJZA
1187,4xuRhjrSjOo8n9rBFpwUoZ
1188,40Z7QfRaFEH0HcXlFJHBXc
1189,0SRPuTnr5QOKRoIxMvvlgK
1190,0UsD5SCb1OPZQ6tXJxeFA3
1191,4QqTDl0Po7cbaZMcGsZmBg
1192,4HGabMXDHtjOYTNihq6YXF
1193,0dYDmow4l5hbPs5E6QLMSC
1194,2kY2ROHIGdp3aA6ahqaUKm
1195,5lxQ9BW2xOzgRIxQAZzHSK
1196,4Na2Xo5yQCr5ucwfg8EGIQ
1197,7LYgVPxRvlN7OavmyrnOGe
1198,0z36JaXXoFXuPuQucKEsdx
1199,2CDcXWYWilHTXrsOXJza8n
1200,0KyAGiNGUytG5JLxJu4F6l
1201,7Bar1kLTmsRmH6FCKKMEyU
1202,5C4XCvAKImh0IGPCKbPPo6
1203,2AGUFka8kBWCM47h5uTlDb
1204,4TBtGrMgUYH7D5Tf5HLvyz
1205,41cpvQ2GyGb2BRdIRSsTqK
1206,60wAXtIs4U6VIqo81PcgyG
1207,1bFeQVE1JjJFLH3HrGIU3Y
1208,1QBwk6GTCxVdC2hoSw9tlM
1209,3vZO25GdYuqFrR1kzZADnp
1210,5f2TWu6R2YYCJtLQ0fP78H
1211,5BdBBZMoro8gKGR98Hs3P9
1212,4AvXLfm5xS3TviGedAnRtR
1213,4OjPIRFK7dfDYy90Ihn270
1214,1FlYPPzFJUNh3KRE36pYbe
1215,1eEYbTvRWPEozV0ttNO0NC
1216,02IrbcCZfaMcKRWejgtvRo
1217,21U8dLumzPjm5kosiwg8by
1218,1IFIZTpvfeQ3CRrH37ydOR
1219,2IQjNT6EXEEJhR3x5KnlOU
1220,30xoiQHANT4nwkf7LOWV2A
1221,0hvMMP2It7vjCdaPyJIbAD
1222,122HHADjdXGtvpHYnzP2ys
1223,1yp4Q86vm7HUHJ46Db4s87
1224,63bRlSS5g67PIHsogL2xOA
1225,5GXuUITCCWAG4h8ABnQ8ve
1226,0qU3XhIH9xczYPUWV6OopS
1227,4at3d5QWnlibMVN75ECDrp
1228,6VnADht5DZuwR3aYX4Ufz2
1229,6UQDIIEPzeduwXlZE86SOF
1230,2EznBGrlmx9wBeYgyDojsA
1231,5Yfq9uugLFchtFymQQWxgt
1232,5gW5dSy3vXJxgzma4rQuzH
1233,5OpiyfqaQLdtwHd3SfembH
1234,56RfNBJGUgL1ZFCB1KEJrQ
1235,1Z2MfAx1nJ09NzGjodnvRW
1236,0GJZUWxQrzAOvFzqyxK9ng
1237,5Fw17rh1qEC6YoT32BijNI
1238,06EAtSDu3KSoi4fbA3ZjoB
1239,7nJZ9LplJ3ZAyhQyJCJk0K
1240,0gpYL1he4OGJxv42tT747l
1241,2ahW5IyuKcFCTnyV7gEvIC
1242,0AOvNRgl0SMfOibWA5bP8o
1243,5jq46e29dGzssyaEzpImgd
1244,7u6DMPznGbpziuEgCE0JGQ
1245,7yqyEsd851dkG58lBcNrUS
1246,1pN0cNYQj3N2qtSHxhSB0m
1247,3BUWNzPWz2mDbptZmGEXpB
1248,5MD2QLnFM2ChpKAh33z0zr
1249,3bYcImhElMVe8rVPZQlcvg
1250,3h9hJmKwLCXtaJXyeswkNR
1251,0MezoO982AZR3AcfEZAdO0
1252,00BTDWR6xCaGdst6cPKkpF
1253,5f9JYuHSIHjp6rggue13RS
1254,65rM5bwkZW9ZyavuDbtPQl
1255,4TpvtkyNRfDPdNNFva1Kx6
1256,24OKq132uA9z0LodyGzsl5
1257,3UO64VZNLPRhfVJ20curR4
1258,0bdabO15YOj0iZPg2OujAw
1259,0EHR9OObFtjlhQB8wSt1m7
1260,2HzGcYDlF6pCgOXdXY5zXQ
1261,3QjQ9c1ooHiJDCqrKGC9fK
1262,3LwEvhhYpfGaIeEC3b9D2Y
1263,6Ed1q0X8oSKSm4IIhiQbYg
1264,6TodWdTSDfzwgYynTZSvJn
1265,4aR9bPMAOFySBuQSbVWF3d
1266,78kVkpg0yX3jlTqzreFk0U
1267,2PqSNVmiEQpFkLoNPoDfwI
1268,1KcOU0q9AMXV9xi4tSzzCc
1269,2Wf2u3sZ8rR1sdiBuSbeR0
1270,6LGwYMXXgURfaequXipzHx
1271,7e0nXDIIa6hFqI4HmuanLP
1272,5aeaaeKp8fY60CVHAzNbwL
1273,42dLRNmTqdwPZIiG0NRBWH
1274,6RYdd1Q0KZe5IvgPc5dmNT
1275,5Ze85vOLSjJMABOk1hHTlG
1276,0Q9HulJie8Hxe2mx1q4nCy
1277,2nWB8ZpA1lxulicEUzTQ6W
1278,6CUd1vAgBaRiimFDJblyFb
1279,4FFC7McrnnwAWKbAqbckTP
1280,2qEIVphvwMEkE35CXxdWAT
1281,5jbDih9bLGmI8ycUKkN5XA
1282,1GtVGc1UYin3zpMUdNSSpM
1283,595Sl1FDWMXRUktv5LO2gD
1284,1UzDnvveOGAJiIGNgbaTdt
1285,2UWnZrXLXIyfMgNvJr2KUa
1286,2N3U8uTYhjX2KwGT0pf5x0
1287,5jYF7Xmvmn7sNjtuPXaXfQ
1288,6Q4Es6wVFh8W2qXrkQ7j1w
1289,47PiFytG8pCKh0TYpOZfOF
1290,2zQl59dZMzwhrmeSBEgiXY
1291,1goNp8FZSjak6UHYsawniU
1292,4oa14QBfWRDfJy2agySy0L
1293,7lAOY0B8IddW2vXZfd2Xi0
1294,1K8MgzVyx6MMo8Y0rfDx1O
1295,5RrJCusmR1J54b5ivqdWIu
1296,2JdllRPH6a8NCpt2bpxpns
1297,6Fe3Flc9SjE03pqwD6PVQl
1298,4oS0jmMzKWHhOzp3BOTfJg
1299,34PhB0kHT00utubP3aTau8
1300,3XukKy28kqKFl52GiCUSFo
1301,1ZvBVbsaNqHEP6ymXaPGlj
1302,0FlfN5cbUUpIHCRH8X1M44
1303,0yLtmwgpuvIsokGmo8u524
1304,1bRjwdtScY2eMe9uMmsOkG
1305,6PbU0URiPBpH4UD9CfCgF7
1306,3DcL8FXLA9iKwqnyj9POLt
1307,0chpQTaECrCZBusarf71Ql
1308,6MF4tRr5lU8qok8IKaFOBE
1309,0QLuexVmR2wgNsekPKbv6c
1310,7aSvPfoqiM0zwPqupLGaHd
1311,76B9knP7BsgDWShnovqH5k
1312,5G9IXRzPaRJssJE76TDenY
1313,46lIt6GmL0VkkbuUyGDbCs
1314,6ScJMrlpiLfZUGtWp4QIVt
1315,2tQM1BUrXp2kqOM6mN11TC
1316,4vHNeBWDQpVCmGbaccrRzi
1317,7I1kle4TNmkfednJDKo8GR
1318,5N4erncE7kuUccm7zEmwzk
1319,0nz49s3TO2tTuBLLrE1vUA
1320,1aFL6FVclpfPafOGekKkna
1321,2i17YXd93A17BSsut23gEa
1322,1Tpn9QCsj746NNbDxQ24gr
1323,0tISnxqgVmxqhVghsTi2Rr
1324,2svutFGaCycRmYc1mWbfQh
1325,3h0xzCrYEVVFhhycY7jGBs
1326,60ZppukPfY43NDU9meKJrz
1327,6piAUJJQFD8oHDUr0b7l7q
1328,3hARuUtzTdUuWH1KiLJlSf
1329,0QzBRmLttMwyoqRoSmMIFN
1330,4skknrc3sJqaPTtUr2cwFq
1331,2MbdDtCv5LUVjYy9RuGTgC
1332,1AzqpMy3yLYNITSOUrnL8i
1333,1BSA5I386L2IAmFQURYjIz
1334,1ckxFDBKrcepE6pDmayXzP
1335,5OCJzvD7sykQEKHH7qAC3C
1336,2qT1uLXPVPzGgFOx4jtEuo
1337,4OafepJy2teCjYJbvFE60J
1338,1xWH8zYtDeS9mW1JJG23VZ
1339,4pAl7FkDMNBsjykPXo91B3
1340,1yKLa9X63tBfvLojNOw9y8
1341,55OdqrG8WLmsYyY1jijD9b
1342,0f85bMoarvHbdIcfhDjSjN
1343,1BMdBu6UsVCyYZ8BvTdBtw
1344,36ux3YuUsGTWPT8fXclS45
1345,6b8Be6ljOzmkOmFslEb23P
1346,0KKkJNfGyhkQ5aFogxQAPU
1347,0VKtRbgIN0YlDSgIhGLvun
1348,4mLkiFppf8Xvem6BSY34qw
1349,46M2hXnaQpueG7vSvgVtVH
1350,1vvBUZseJ7fwYPX1NedOLd
1351,7gDwRzJhLs0fFHaGtMDJVM
1352,0fu5r69xQg8OQCGsK2S5Il
1353,7MGNHuYwmm9UjQgdVciO1v
1354,0Xa45V4G4TgdCa8AzvMm5u
1355,5oO3drDxtziYU2H1X23ZIp
1356,0VVJkld0IvkEXAAOsx70sh
1357,25zlnOAzbVoOzIeXSvQFf1
1358,4Tc9PHEoeP17PQj3OOKXPu
1359,5kkaSMcf4BFlhRRICCKZb6
1360,0PvFJmanyNQMseIFrU708S
1361,6wqJeItl3Vc3az4ZicSQAB
1362,3e90JC8EKLsSDUHmPpxkfp
1363,1BViPjTT585XAhkUUrkts0
1364,3xKsf9qdS1CyvXSMEid6g8
1365,1NBoGIIGzCvYKRgAQrIMBA
1366,2QDFsehUg5Fui2LOVpCw3Q
1367,42NB7w0tDCag0mQpCtZe7Y
1368,1LMsm1VLbyuLI95fNihyOG
1369,4JMYfwYULOoWTaIW3CTvvT
1370,0GQDGnwWVIDAolLSLReJHR
1371,0tA5pH2uW1fKCQ44khDie8
1372,3hsmbFKT5Cujb5GQjqEU39
1373,7jruR1S3Fhz6odhVGLJ6iU
1374,1MNdfH2KC5LdEde3JPJ513
1375,1OWGLpptXlHLw1yibeHiHa
1376,4Ktjd6jIfd2VMTKdTcDnFq
1377,5AKlnLpP3WLwZseNbjquND
1378,1pKeFVVUOPjFsOABub0OaV
1379,0W4NhJhcqKCqEP2GIpDCDq
1380,7GWAIzOmt5iznpu8RbSiSI
1381,6JxdRch1BQkPVUWjcuudvI
1382,4XyKqXYeL0FBPFbDrXLvJZ
1383,3jjujdWJ72nww5eGnfs2E7
1384,4kV4N9D1iKVxx1KLvtTpjS
1385,3wFLWP0FcIqHK1wb1CPthQ
1386,0sdbFOyfgAhAhWq8DpzkaW
1387,6NmCCgnQcxKHPOAKgd9Nth
1388,47rzxY9wSpomHE1gT94jIT
1389,0yL0He951vlMYygPzSEEJ0
1390,0rTV5WefWd1J3OwIheTzxM
1391,5aOpzm8W8zysk4asB9hxJw
1392,1wfZdPy5FRWsdWaAEOG0Ml
1393,2VhPOtIQw2UpQmRVevdviU
1394,0S4RKPbRDA72tvKwVdXQqe
1395,6WVSnyKQGzs1fosa2I3FMQ
1396,6n3q5ybuUQFT97ddyuxsFh
1397,60ZZNXIdwgUGkVGRt7foLT
1398,6CdDTczPGeI9sdznpTmYEZ
1399,0aP5ZTP3o3IvqNvGZ8OUUq
1400,4iwMhMvcTqukn1n3NVjb2N
1401,17Nowmq4iF2rkbd1rAe1Vt
1402,4OciRObYGzPzlU40U7YRc8
1403,3Zwu2K0Qa5sT6teCCHPShP
1404,2TfSHkHiFO4gRztVIkggkE
1405,16umSNZfofRpDqTvf8DIAo
1406,39NDBdU5Xkm5pCFGa5kZtI
1407,5p7GiBZNL1afJJDUrOA6C8
1408,2dgrYdgguVZKeCsrVb9XEs
1409,285pBltuF7vW8TeWk8hdRR
1410,7mCQQZ6YF8DyLUAqcBDKjI
1411,7FYH5AW3bVfZHJIQpq3UOA
1412,0VrQ3dAV7vefMJYb56q0M3
1413,06u5LrUpbosQlQ1QJFhPpG
1414,5oZps6mYqU5s7A4WjUZggJ
1415,4DOmrSKXmDSM3Xk2AOMP2x
1416,04z06240Vjb63T2eow1TX8
1417,7qfO0IGkZ1a2OnUOkMoR4D
1418,23SZWX2IaDnxmhFsSLvkG2
1419,0oufSLnKQDoBFX5mgkDCgR
1420,5NijSs5dAwaIybq1GaRTIe
1421,2CzUlaKN1mvb0szagSR3ux
1422,7iSNEgSJYlc42H73xePMLh
1423,5JRMqkR82k2fdDEAim9SCN
1424,31u6rUeIEXGrYVoh10U7eu
1425,7dukjJihjWjC6uoRYOCeRi
1426,4yfIorYGpyLC7xGtsmL8DU
1427,5xBs28aLzt4uIB9XhF3QL3
1428,4JoZEwBhxTMlaJJSXsZFvv
1429,6lcepxLWU2sbLVXaJL46qS
1430,0RHrRQZtwj8TQYu4iuE2sS
1431,3tpj1rnJv8uLThMgOWbRdH
1432,0qQGx2TyjtZNDNyRYO9Z0W
1433,7pD6katrwWH7H3Xt8cIZS9
1434,0qmpEzs4SWVw6zqhMyrOvc
1435,59LUh4amaXhgrWh6mWKbCn
1436,5DoPoFpGLfEu9KyhbGULMB
1437,0dITLRw6ar5HGdFiNcnXNt
1438,5xu3wnPlfdmW7dMiX5XA2P
1439,1NGPZKzplieiPc5g6lAJ49
1440,2k9N4caeCIJLOWwWwssrEM
1441,0JsnkV2AbcCSvQ0dGYprRb
1442,37exBefsiwr3rmQ7xcQnEJ
1443,2QXB9GugNcZqXrDXYowISU
1444,0Lhy1sDDdtUFY2pyq2ZVi9
1445,3aUviSdBVbsdmH406j5GZC
1446,6zuKKpU0FpnqFfe6W3VRUC
1447,51uSdHnscXteAHobjelq6G
1448,3dIQBJdqStpq539wSrqhXw
1449,0wY9rA9fJkuESyYm9uzVK5
1450,1O2wgYfOdpcoWnZbdbrpMh
1451,5agKZvpDlh9Wusn1O0z1y7
1452,1eYi8Y9APRMynw8Yp9zT7h
1453,1nX9KhK3Fff27SnrIor2Yb
1454,66v8ihTuXUDKqienUaFzIe
1455,6zQyu8L8yUuJkl6LbQ6iKU
1456,48wH8bAxvBJO2l14GmNLz7
1457,75TDPu9k7Yv3IovdYaNCwk
1458,2dXME00xUY1CRcMZsM3Y4q
1459,2WwwfnTUm4yUK8stRMPd7V
1460,4o0sWQIOt72VIKe9HieInH
1461,0IzeyUFn87QjK3TStJdE64
1462,73tyOM7hObuzyqG1smXMnh
1463,1RkPRq1VbrBmjCl8Fp7pdl
1464,0mYslGmbnkbxuyr0ISIYtB
1465,6OpU3cvY19M2hFxTbLKy5L
1466,05RfpPTgjYosszbrhtpVLO
1467,2nK3ScNvIelFrhOjZIpysb
1468,3AzaarbayKjSC7tIRc7LZx
1469,3Vj8RQkFwOmDvUrwu6MtQZ
1470,1RbdVGt8TF9ovqhTOUO6MG
1471,5uadZxDwQhlJgp3xITlx1C
1472,6c54K02Q3wy4v1OgeXPq5g
1473,6dFn6my1sHK2bcf23GlHwM
1474,3C23UChONVCL0A3U9uWO5u
1475,0VXfZi7XhfJnuBvF6XiypU
1476,07hEEp1PRNkQBZEcF5mJo8
1477,7Cd9xEXszxtBnIA30paLO9
1478,5raatKNgrPM0BB6IpVglSY
1479,6zVMsEROMrJ8ebq2O1sJqC
1480,5VYzUeUstmMKGFBbvCATXe
1481,3jmBYVEOW43oxYiGpD81qN
1482,52RPt7GkqVIq0hjUcQglZp
1483,2qTFyMHhu0r9E3yzhLHstK
1484,3AvWmgrhL1nL93F7WTPQaQ
1485,0yhxBvedRdGxsPZHJNI4VA
1486,35KV2Nuib6jPMVN00O8iba
1487,3U21A07gAloCc4P7J8rxcn
1488,1nGoy0cEj0extAwXYNYTWd
1489,24bnCCysWnbNRNUT4LpHcP
1490,7L3kBY3j2K28CEVWh54nKK
1491,0BY0igClnt4YGUI7bWvuY6
1492,3OzwuqlBU5IInWGKhIDhTq
1493,5WnfnSpuNEGXyEt78PBA6d
1494,38jmyQQhIpC6SP0zRF5WCu
1495,16N0fvZGGPMSBLqb2viDoW
1496,2LEEPpnf3e1YbsOKzQnj7r
1497,4qMlF2uBW2PtGSEMHPcNnZ
1498,07zYusRvYr8nAZOBDguzWv
1499,1DA6UYm3jqf8b3ecWUbo6i
1500,3RyLrayd9un9ClTah57JI0
1501,4mL25h2hl6gdyu9tNTudnI
1502,1p1b9LdLJ0REuFJX9mYtFX
1503,5V9lnDn1hePoudMfKfCTNl
1504,15NQ3x1f2GUhqs8oBXhTqp
1505,2pFC6DEdMhxQWUTptwVyS4
1506,6YtylNU7D1S5SeO529q2AN
1507,6PLGLzwSjdWt6faAyRmvFr
1508,2eDMYrpGEKDFbISuEXsaGn
1509,3VgrSJEKBRT3xmwzpaxxEF
1510,1YwPNemawMgGe6sF4U0FTE
1511,0AZb6ryK8LsFcvY1jWHO61
1512,7v8YDCoM60xCPuSbXerImD
1513,0qKCm8yeHoRJTpryDDQ9TT
1514,58CUIzSxNpQUFvTCd8tntH
1515,2f9mmR37OEceYERbXml0Nj
1516,2pcQEWw11UosWglEBGdwNN
1517,5ncofiedz9Ej6YkvvXMKVn
1518,6IRzBP4gVoV4D2zHmocoWy
1519,2t0wwvR15fc3K1ey8OiOaN
1520,1x6jHJGczTBitBy06hIWgx
1521,2MIBAmYwiuGoKUlpq9B9sZ
1522,14blxrgE0VWAgv5aF2wWmx
1523,4fzsfWzRhPawzqhX8Qt9F3
1524,5CaXxLM568tBh1PwhXdciZ
1525,2aHlRZIGUFThu3eQePm6yI
1526,3U3STxSn8EgiwtbgG7g6k1
1527,63kJcTnJu3qis6h5MX2nnB
1528,0Ncb7nwBtO0cl9SwuSTHwH
1529,1NrmVZxiiBPBOVHnN0001b
1530,0Kp0CPUzFcEqhBbHoRKtbm
1531,5fLZQWarUISdz4attMFTXl
1532,6eICehJWzcEk2880W6Apif
1533,2a8HLMRc6E0AM4xXiQ4wh6
1534,0v3PdoLZrm0RVfS8sHnADp
1535,1ff60tDWdcdVN6PtKQXWny
1536,0d6bZwEAi1XblGRhnzPfgC
1537,0tP7eRyzsXUkuJK4m6ys7I
1538,5p2vqFW6PVyE38GJlCVIHv
1539,2AXnVe4VcEli1z8B9P1Elk
1540,1sgBtdd3OgBABV9L5tM8K8
1541,3IrcvqIf3ZiBhf3xdsctRX
1542,3OJ4LEE50iFELaHiZ09zif
1543,6KluBT5Zthyzk6sBwqAcso
1544,2MF4HtZHBoUliOi9nOAbS0
1545,5S2TCmPS3UUrG3ZK7NBa7b
1546,5UFt0wpIRFSYTIPjZny4u9
1547,3stWWPN41byqp8loPdy92u
1548,0hNhlwnzMLzZSlKGDCuHOo
1549,4Li2WHPkuyCdtmokzW2007
1550,68j5DYmCikBzcp60Sv6xWO
1551,48U1hydvN4WPGnYvwZ0lqK
1552,0k7UxTqp57Q4oXMaYMTO9P
1553,1mFHMzbaECWFaPfoePoEYl
1554,2gb07B9t0F0T1q5zJBy0ZU
1555,7KSSdFCBHCfq4KPzz78ghk
1556,0TrPqhAMoaKUFLR7iYDokf
1557,4WuITGWedQ4yMcxuAdR4VH
1558,4lIVN4LUJCmweoGJmk6hK9
1559,7odIekt1GqLVEAAWdnd9mJ
1560,3zXGMmgIygV00eFxyqmbeO
1561,3xVtc7PB4V3AqAfq4Iahli
1562,3yfqSUWxFvZELEM4PmlwIR
1563,3UmaczJpikHgJFyBTAJVoz
1564,416dC1qBvWJcbgub6zCnJI
1565,3qlTUH2X7flvIYVqH3QGyS
1566,53JLmQSHds9iwskQlXPkOD
1567,0cqcRqZgkNHanWQ8slYA0v
1568,1QlTNF43OyKK9BorIRsJ8o
1569,3Zau3JcrZcBfw8aVjKGkSX
1570,6PrfQSePTkviCG7T34qKef
1571,3jHdKaLCkuNEkWcLVmQPCX
1572,6T7xC3rDjOCkMkvcFVdu6Z
1573,78TTtXnFQPzwqlbtbwqN0y
1574,7GcFOusVblTNpPFxx08HTu
1575,6GnhWMhgJb7uyiiPEiEkDA
1576,2hwOoMtWPtTSSn6WHV7Vp5
1577,0v5uN9Idq6pwD2K8ioMvyu
1578,7yeWt7sq2oRlEZWv880u9E
1579,7zTTDkkLkJ2iHAqq1daDCr
1580,458yJdwBNmFGbjyy90xqWp
1581,5UEtcDT55bn7dR7sGqYf7h
1582,7vqa3QpjDPzutCBGf47Ymz
1583,7dQLzGuOPiJ4h6sI3MXW4j
1584,2zoNNEAyPK2OGDfajardlY
1585,388jD8ko9cvFM9cd9TYDrl
1586,1Gv8NYJeqQNXXrYQ1c1r4e
1587,6Wd1lJm7dCMMINB4QuvqZV
1588,75SUxY8S8vpB4bTyOGiMxY
1589,5MvCurNMpM3WCCSs40cd37
1590,44NwjH8iMskEqgvpkbDfzT
1591,0VHupWVXlbiVxPww0lKhR9
1592,2r0pJWxAyYVQTHTwcnbM8A
1593,0zePbRMJ9sd7wsZRlbPQua
1594,1b4qWC27ur4oCRA0Xj9EAH
1595,1WRxtvHH4GwqOvH0b3HTII
1596,0nMqu5vN44GNv8UOQxmBJK
1597,0EDQwboQDmswDRn58wcslg
1598,2IoEP9SKwBpm4DL89MKTDZ
1599,5mHRBuwBWpbqUDcqiWGbvN
1600,5llS7ND05GQQ9jTOzMjXNO
1601,6EvUAsfncetT0RcWshHCbl
1602,1utUrkRSWxiO3PABHq08eG
1603,13O36COxxWjcvc9r5Zsd1P
1604,6iha68MS4jddL4TY5pZGRi
1605,1rj4gE9sg9ZHqjwqVJhG3B
1606,13efPu5TlBN9X9oOo9ItBv
1607,0S6kYroVUzmXCDs7QHeY7l
1608,2ca5xMtPpmULDE6aG3VuEn
1609,76g0tNmC1W9HERRVpcEJso
1610,4z0PnuB07fxtVZZRWsCfxb
1611,3i4luRWPrhGeHawJRNiTgz
1612,2OYoZ4u02sSAfPNxYr1oZB
1613,1WsRuvitfegWXQJKRgRZrj
1614,3Xuhi20r1A2FGQHAisL551
1615,5A6BJLZArq1MPjsnmcuk5f
1616,5Jn3W2PPpKDj4SBQTdC8op
1617,0JnjmETAFVF9IwIXKkKnjb
1618,2hJf188Sz3XxfBDmYK1IMC
1619,3bY0O38q3eGw0uv6KOlD15
1620,2wid0jYWMLBUpkThUfd68p
1621,11mZeNMQTR2It49wtB4gTv
1622,5TD2xyZlYdkQ9UA8eT2TKL
1623,74sb4Gib0cL3TQeCjYF8vh
1624,3GZ2cgLnjC6hH33ge5KktN
1625,2IRZnDFmlqMuOrYOLnZZyc
1626,5yY9lUy8nbvjM1Uyo1Uqoc
1627,4LKSaRoKNnlpKXTT663BrT
1628,2tPcTFiQF9MbVUyjZ3zDhA
1629,59e7E2LMPZ2bhW5G6aCwX8
1630,1xyGT0Onkr3s5qctSQWStE
1631,1f5cbQtDrykjarZVrShaDI
1632,6Nle9hKrkL1wQpwNfEkxjh
1633,49zD0wr2S3d0lZPib0K4e1
1634,7hav1MHURQf5SAoPk0egqh
1635,4S4Mfvv03M1cHgIOJcbUCL
1636,4nK5YrxbMGZstTLbvj6Gxw
1637,1AqemxWsT0iGg5Lvkm16Bt
1638,5mZJwWdxAOR4xUvSGZvvMU
1639,40oKW22ZNNkEdZLJTScaQI
1640,3BYIzNZ3t9lRQCACXSMLrT
1641,4EWBhKf1fOFnyMtUzACXEc
1642,6CUP2khYzdphXebxVTfPE3
1643,0Q2n5yzl2XRqYbV77tZNYp
1644,5egD7A5x9AHdVO2fMo3Wbo
1645,2tJVc52CEjcp4mkaWCz9RE
1646,4iY6Xv5g3SbauDZmCf2kr4
1647,3Q6F8RByyhRTJpRtZLY3cg
1648,3tDqEKKUs6gf8zMvSuLyLA
1649,7iG6aXHLFg9tBzP6OIyuJa
1650,1VNRj42vX5uNMabyKbE8sI
1651,3f3cliOygeuUpGRwdohy12
1652,6Dx6lAVoVMXycWpeZSqVLH
1653,6QvxTX9zvo4u7XhP9vOP3n
1654,52WyhmhBgVbCuRJkJbLfTw
1655,1faIb3PPSzEifCHUOJ691R
1656,1MhCYfNriGahJzcUBN2Mrq
1657,4U6TzkwNfPwELVwMk506jN
1658,4jQqM4NI79HEcWHUJb8Hvf
1659,6sqw8w1n1sopzGaNIwZL4N
1660,43ddJFnP8m3PzNJXiHuiyJ
1661,2HICdPKr1U60RWy1Zm5J07
1662,3DbBgbnDUOml329rAp2Tbr
1663,3nAq2hCr1oWsIU54tS98pL
1664,1y4jsQt7MjnZhiD1L6qFBC
1665,0P6TBQ3ExMM4XQL12rYNKA
1666,32xx0fAv3CIeGmNaWTHvEF
1667,4MUnqk3ErIdqIPz0a7iGq6
1668,3LYSYHn94yg2PHFPvN7rDj
1669,67mLudL32kKqyXdbpRgseK
1670,04jVEb76Kw5OrmGtlXlHxI
1671,55tevo6vHJEn12nzuSdJ6R
1672,49v7kRlVxnwrrJzCRxeRXl
1673,6GXuXHyZrYuov3GQaPd7zS
1674,2YbsyXJGfZRnnl93Rk4JzW
1675,3n3HbqXgdpMRZ0ehEA8TZL
1676,0ipgd8PPFza3NNmN3Rn2uF
1677,3YdKJzcoMZMacISlpY4QoP
1678,6Ozh9Ok6h4Oi1wUSLtBseN
1679,2nZ33CKRbgpJQJJQKHuGXb
1680,5wOHManiojDLG53kz4vltm
1681,2O9hsVDgcwTUWTV8oluw3A
1682,05PnEmL9azG0MjD1osdjKo
1683,5q8VL0EXxEgUPYlAUPGqn6
1684,1Ttu4TYbFIXYDFzOgfVedO
1685,5aUSEPNd3m5xliFK4pn5mU
1686,6bTn1ovliI0OkjUNkiMBJq
1687,6K4UmGe34YIIdnmFfSB6jP
1688,1IRRqn75jaZHp7zMT1NGbZ
1689,68d6ZfyMUYURol2y15Ta2Y
1690,1foMv2HQwfQ2vntFf9HFeG
1691,1PUuXudqzPyWLZ0ynVQmw5
1692,1gT5TGwbkkkUliNzHRIGi1
1693,48XkVAagIoQHCsOlJtXUd5
1694,03eo7njiwkkNVjQSzZqFf7
1695,01wKeKPgYxdPYA8rfMveYc
1696,66Q7m3qzPu7fmpt84Q5bj2
1697,71oM9w2BbJxzTpxzWIE0lw
1698,3k0jb1sNZt5c5EerVFH4LZ
1699,5ZanZh2lRiakZCrBfWZRH0
1700,5gkYgNvkItdtvbaUfWCjuQ
1701,0p9grHe7l8mBtKKNtMkqBi
1702,2pQUmVMJiuGx3Dh0daDcJz
1703,7y8X0Z04gJCKtfrnSAMywJ
1704,6OyRpRa1xjDNriftwh1dZR
1705,3v6SdZsS8zR6Go257tldbB
1706,3IRsSOyuCok5vhNjG0hMV2
1707,1jVjOcs7QeQZJXScbqvofI
1708,2XCWxamB0IEFibCn9o4C2D
1709,4Mqfhqtb5WmondLWYsCCrz
1710,0NTMtAO2BV4tnGvw9EgBVq
1711,6ZWYN5GsObNdeT6K3j3V5E
1712,5L4n81Ecf8UE837uJkuoJJ
1713,5N3rW3s7zDsbSxLV3ERubK
1714,2oUI2kKbVOowQpg0flQbkr
1715,2Zyk0on2N9vZyHueREwoJC
1716,2fU2TSb3bghWYkPFuqgSkr
1717,5bARj22nURPaa84RvmOMP0
1718,6DlrQcvUO7lg5vKgMZmG7F
1719,4kswfYbJFf6FPzMElZmtve
1720,076jPFqxYEu1me4zsTBWJ0
1721,46Lx5epWOQBA3J86ovnxmV
1722,0l7uQ6vQcYxjqbjRbDH2HW
1723,0GTzZhS8P50p922OEuoNLF
1724,3JAeYOjyJodI4PRs44lx2l
1725,06PsoXmmJ6Ix8B4hMEabrX
1726,7j8vHxTp34MEoSDLG51sWo
1727,3x5WIJiZQ6RwxeoLrQawhc
1728,1ohcnHBu1FQkOgDDiotyBg
1729,2bXNVNDdYvAXxf5f33WHy7
1730,0PEXp5yk0sx9dJ8JzwvjJb
1731,2DjLLLV2r88a8TO0hVTVrS
1732,2MIFvMiHPnXjfglV2DpTRa
1733,0uqgYwT22ey4WphJav1s68
1734,0KwmQGPCDkAUc4isMOj7VD
1735,3VeW0pO2pae144rAX2oXPP
1736,4Puw64CYf5hi5hlrQo9mm4
1737,13yFBO0mxphhrphW3s6dx2
1738,2QpGZOhTCHHiKmpSO9FW4h
1739,6tTy7jzu0pDDn6bE5NaaEJ
1740,6o2YQhGPwCdYBPpisPFInv
1741,0j35X8cTq543QDYLOyqB8W
1742,51rPRW8NjxZoWPPjnRGzHw
1743,7gDuP7JHRP6A9zwbTIA5gF
1744,3OOEdbwGkyD668gy7zJDIo
1745,6JpN5w95em8SODPiM7W2PH
1746,7LR85XLWw2yXqKBSI5brbG
1747,4ljDnzzqwnRIynr1g55um4
1748,0ToC28lLiwEKyQdN4FXypS
1749,311YyH2JoudjNJ9rhSJoCS
1750,0nNY7kR1TjRcZYAMi08rCy
1751,1WcnFCRTDDEmyXwAZC4rGI
1752,5yK37zazHUe3WxEvymZs20
1753,7wwdta76VXZ80VVlJqvsRY
1754,2OftnIrwTMKoT7FjIdBzqY
1755,1GJr5BQIOvzFEoQlrufunl
1756,4lnSJ70ANG21hCXq62lcM2
1757,0sfDMsYTbwKYNSqd7SPqRn
1758,3KapR70eIR6Zm3kJfG4oB3
1759,5DpiEEjTiQp1P1eJeduSR2
1760,2NNPnxOunTgqFNlCrG4jcQ
1761,1vlQ6COEz1AXKMTZYlbHdQ
1762,2AsYf2xEXUTmhW5iz9Rwdp
1763,5o6odXKMW43nVEGuWKvTgo
1764,0uxSUdBrJy9Un0EYoBowng
1765,2yJ9GVCLMmzBBfQAnfzlwr
1766,5jJYJthaXUdkHKmiS6TuXe
1767,3UJS9aEUbtYO8kMl1IK1r3
1768,6GFPH4i0jmbQ05OmuJnL2s
1769,1Tb6YGebEy8fVQ4K6VxwuA
1770,2SIN2Xn0VSfhFPo5juyhnn
1771,3JvJupyJyXk9aWtSXyZqcc
1772,6mp9DV7vsQtdqR35RYSpdz
1773,0S8mtofOXVslUNzpHLuPW0
1774,4ItrrGqGMHWWnVekH0iTDH
1775,310Qd5lOzFStXKZB3zWCtE
1776,0ZBchpb4CLk5Qqu3895Etp
1777,5h68UTytwmTJDwoGbqLwzV
1778,3SxSrUogj4LpAkLKXeTtTQ
1779,3bE5slaVEfaDreqARl6k4M
1780,1bZNFcnyCmlnbs337baR0b
1781,3adnLFXKO5rC1lhUNSeg3N
1782,36HmaGr3Q3pRwT8Q9HPFLZ
1783,4de1X6v99U7tfOXrNUCTbi
1784,5UFtKaL5KBumqv4tpgdm0p
1785,1ZFg3nGsUSqkwmMPU9qLHk
1786,4CWUGKyUi4aJOq7tF6HAIF
1787,6ET9kf9riLETWs9lePUEAI
1788,5NkfVQS8BkceRgoSQwcW6H
1789,14y5Ue6VsYiJS4vhNJ2bKu
1790,6U9OkV9oa8kN8LyBGf3wvJ
1791,2DHNCWZYmVr1Lv08q5b0kB
1792,5AnVuHLmgipXkFmBvj2Q6H
1793,12v5GBM74fB8WsHJPQRTIe
1794,1Wsbr1d2BouNGk2q92mIj7
1795,043dDJ9u0PQ3ooAXMgcwOe
1796,1sgAJRD4JX5rQOHxiESB2T
1797,2Luqfi5MDDR4iC7n3NzYWB
1798,1B4hll6yjAfMO9I30gGZO7
1799,453bNK3mjdmiCP1PBhH1iJ
1800,3XQY8kDjI8LARMIC9xkxQk
1801,2e9EZ2V5QGGZPMJacO3y0Y
1802,2m1jlapcbjXFhJr62XjjDN
1803,51Gs5RMyFqWFnSf7iKpAoK
1804,2j8MsmmNqmc6UBEA54KOlY
1805,2oMOqX9k4k16odibNkYyrD
1806,4A5JwTktOqMtayAVVmrDzE
1807,0i1qCBWE1JbfbCBPAofuHT
1808,7dEa0aHVVIMTZnDL8OM7yn
1809,2gtFMLjQpCTGekMi4oXZxN
1810,7nPEEBMRjS6ApTeGk37gS8
1811,16cnrVbPdI3IJspcr2PB2H
1812,79reBHqpRoWXaQbjBBY3UC
1813,3KkXRkHbMCARz0aVfEt68P
1814,5sqHFfmw7MMc1L85BN8802
1815,1uNePI826aqh9uC9pgbeHU
1816,0gV5B7zmJkS1aaH9APokrH
1817,3uFmweGlFudKNiX13XFwFm
1818,3eCulo5yg6EwkTfYcy1Xmh
1819,1gnwGVoG7V08vMX3hyr90x
1820,1UjyF6okUHhnVxaLV8ojsA
1821,2UAMy9T8jWOjRVlQvHOmsn
1822,3KQvcYqWgMnG6MCg1aeXif
1823,3S1Q4qmbzVZWwMOtZ0RNcs
1824,7sr74Bz3GBTNMQe1m4F5Ut
1825,5lsrKf4mzIO4gA9U9eBYms
1826,2glfyBSK3wqoumtEVN1F07
1827,69D34snjPbZYGNwmIjmsZG
1828,3fV84Z6UdxxHqfGIMmuSKg
1829,0jbjm2p0qkEfpeoNCywnM2
1830,4DJ9ZxVFyv8AWdBmZnV0CN
1831,7dQf8jWXfT2WlwyKDeV0lF
1832,643PW82aBMUa1FiWi5VQY7
1833,0iAI4Nv50sU0LGRKmF555Z
1834,0FQeZmAKQLLnZC5iTN6JuR
1835,0gnYo3z19PzAVikI7doinv
1836,13jLiEg5wdMXuJzXXnRcnj
1837,2B9wgj9XzbJZLty03PRbVo
1838,4J0DbyODwZJcmIAiTSJfMF
1839,5lFDtgWsjRJu8fPOAyJIAK
1840,1t4pPnbkOjzoA5RvsDjvUU
1841,5tHf0v419Ia09AS9sEK6iF
1842,0VqC8QZDK6mkEmfcwX77Xe
1843,7Eh6MPpRNIFzaFZywrHDMD
1844,0IH3D0P8OrQFs6ajcqbm0R
1845,6GAemDMWAXa8wZOBkO1gar
1846,5lw8Mgb4LyhriPIC86gV6e
1847,14QSZfm80G2BwlRIY9q5xa
1848,7wTA0NKIm6T7nP2kaymU2a
1849,0NjW4SKY3gbfl2orl1p8hr
1850,5ytDzVL5ThzdrCYGQ5pSPO
1851,2buuesSQNcXtvL0XBwGav5
1852,192boLjFXYWZ0ADjtvhaJT
1853,1UTVkHERZzuPn9MjIDKBM8
1854,64Q9h4OaUGSX2sFZYGeNSg
1855,1C6cfPAF4i2V8pWUPdHevc
1856,37lsV513gD04gFvKIPCw4N
1857,5PxvhqimHphmfFc0W3Lxp3
1858,2W7aGVjWM4K2bdbzEz4jQP
1859,6H1ysWbUhCfAPukSBItJUt
1860,7D8LAxOysvt1GHUBypnEBc
1861,0uqJQ1k1N63nl4tAYW8t2A
1862,27sK7RJ0Py17Vz43OBDxYD
1863,2JRo1DJhNhZWs1TzrPNOSZ
1864,3sufgB1pM6cLtCtFWgqQAH
1865,5eGEc27nnhtmcOh6RC890a
1866,4HfxDJ0uLHTLe0fZrx0MbQ
1867,0rKtyWc8bvkriBthvHKY8d
1868,2m4j9Z2XCxhRppNu94fMo5
1869,2YaNOzEvmqOXzAsMNHjD6B
1870,41PCkAcfU1UiSKUDtt6tXQ
1871,7frG49GBDHPPvxXRVLRwle
1872,1Uo7reO6I2yQ1q36ZPuNf7
1873,56IGGA6VwAbIni6KoN7VC5
1874,7HuaFNJNNgLmk1WTSigmhi
1875,3wE9jU1zReHLMHLgAsWIYX
1876,6e7hIhOLH9zvb3zP5O5gt0
1877,5SecO8b3bvFNBTtrTyt91o
1878,694vvR5o19xHPhhJ5QdLN7
1879,6U0FIYXCQ3TGrk4tFpLrEA
1880,4fGCNoJqk6Khe6YTRxwMC6
1881,5smpR8TVfiPxywEHr1NbJK
1882,6sq5mqtS3jwJjvBHALknJH
1883,6p4NwqId47ZV4lXg8QaRpO
1884,2hnMS47jN0etwvFPzYk11f
1885,41MCdlvXOl62B7Kv86Bb1v
1886,00ko9WaS4jOX1kEk3gvHjf
1887,0Mu1MYdE414HeybYSms5KK
1888,5p7sELomeqtq9ypH3VeVH1
1889,67juGXaqmo3uldt3rknTS1
1890,6BvtitRX5lQC87YlA6rq0n
1891,3T9cKmqJKg2xcg9L5tB3Iv
1892,21jActlsyXzkKDkN3LK6G7
1893,3f9Mzvd3URfbbIJBX4pz9Z
1894,1MJYFJ2igOWZpTo2kDcolx
1895,3K5pcfvsDRrkXxJ3RRb2lf
1896,0vzyHoZduwzvQTMkKZ2OdU
1897,2wW3yIdBoOJ2qI03k1itjJ
1898,1MnJ5vOM6V5S2l8VN7LjbT
1899,2f4K9nhN2RaRsMGaXTO3zt
1900,0yLsJKNJHmSnmSGl3ZodYn
1901,4Jh8aypoHtCqv5GPzZxPsz
1902,5l08slmvFRUseHpq85neke
1903,0oeqJpFHNRjxa0kOMh4eQY
1904,1sFstGV1Z3Aw5TDFCiT7vK
1905,4NBQVFmu2R7lmRU3yoSMm4
1906,5v2ePUTZiv1mPDCD1nSbfF
1907,0aMHIW1lqrulVCx0LLlr6a
1908,4ygQUye7obtqhSltSxp18H
1909,6Oe5tmI1bfguCp6dKHbSj6
1910,23Ij3xEFmYkRl00dDJCVMP
1911,3MjUtNVVq3C8Fn0MP3zhXa
1912,2q8X0AA5YHDu0GelavXvUU
1913,4eqrNsKy9Mvg1fvfsTVIAE
1914,5qHirGR7M9tdm6C17DlzSY
1915,5sG65w8uKtjsJw7nc845Nc
1916,2QbGvQssb0VLLS4x5NOmyJ
1917,0shSP8DgseLewHgAiMC4UL
1918,0pA0rcw7ci5X5XHrnBpkdn
1919,2TqfASuL5JRds7bJX01PdZ
1920,2FTOLKjQUswhpdMFq15Raf
1921,2wFwbyCz96QFLm2L6esbgf
1922,3kUV3AVKhoWTNFxdFkCViB
1923,5OO7ybh0GQlXslHX4U4Vgr
1924,27F7BWz4WuC8GuSIcFbx1a
1925,0L1RASB4kWt9VDqJxX4yBF
1926,3oBlwGbihR4DHztLAyPH6n
1927,3XDswWIHtmIJqjI1uCTiJx
1928,5OA7eJqztQr6G6Xzo6eu55
1929,1Je1IMUlBXcx1Fz0WE7oPT
1930,0BnTBAGmr9FtYwkZrwKhwS
1931,51RN0kzWd7xeR4th5HsEtW
1932,5hVghJ4KaYES3BFUATCYn0
1933,4f8Mh5wuWHOsfXtzjrJB3t
1934,5e4LIAQI0bClLazNf2gZV0
1935,5QvBXUm5MglLJ3iBfTX2Wo
1936,0fv2KH6hac06J86hBUTcSf
1937,0wEC0GNF74lAqrEFZJMl1m
1938,1hz7SRTGUNAtIQ46qiNv2p
1939,5A0M6B0RBSXSNWv0wcppZ9
1940,5TxRUOsGeWeRl3xOML59Ai
1941,1nXZnTALNXiPlvXotqHm66
1942,3xPmq4xcdWtAPm4uUO0yUo
1943,1vND7jVyATMuR3WL3UGjf3
1944,6bOkaEXc5CopinGazSLokx
1945,7Ffgp7DIow5wECYQyzEiTq
1946,5zaIgI9HNUPIcfaeVRlxGa
1947,2OK78skf6Xgf1jTu6gQoC9
1948,1Jj6MF0xDOMA3Ut2Z368Bx
1949,77lHSh6eoMiKWRxczAPQ1k
1950,3UqLP9Cq1DNryqu9scjak0
1951,7K0iidDYDudSm9BoSt901M
1952,4HWQFfYzolhGISAqveJYo9
1953,1e3GEwsaXtBNtPfooQimDn
1954,6BKAKoo7J2vwJGZJs5dhGD
1955,6kqPWdv1pNXp6A2CowGSFA
1956,4Onanh2sbZQKTGH8KvWzxS
1957,3nLAN9o0pwRM6qNBE6LIKn
1958,1imA2gM3IjetWVmetLNbCa
1959,3AZBU8YWI3JUEzH3rO4xeu
1960,09iQ7El7uiqVFqwwSo7Gfg
1961,5ZxaazUsw8Ed3rqX04uni0
1962,1vnHnuDuD6JEm2aImSpCov
1963,4AmvxQPJ3Bd3T4S99VxHrO
1964,5v4n9cwxnlAGRQFce0l66l
1965,6BOh92QF6cAvNjH9SRYJxL
1966,7rLDARtJALM7QdiJDMXW7m
1967,0rzNMzZsubFcXSEh7dnem7
1968,78eouBKVRyhbSzJwChr6QM
1969,0lnIJmgcUpEpe4AZACjayW
1970,0pxNyJJiL2zZZ5GgJ4JhsQ
1971,71OvX5NNLrmz7rpq1ANTQn
1972,2RQAG0wQt35UzAPEyVJFWN
1973,2FNPJWVdGxYhWaotd6rULS
1974,2bOWJIYSbhwg2NMQq1QMYH
1975,7aBxcRw77817BrkdPChAGY
1976,7oAuqs6akGnPU3Tb00ZmyM
1977,6g0Orsxv6glTJCt4cHsRsQ
1978,6eR1N0EBHiDkGDzegX99d3
1979,3JoU2eyUuSJwZoybxjn1yc
1980,0wEPue9rjGWgvRYNgvsUfw
1981,6hJBInfN9aMZ22wMYQFZm0
1982,6PuDnNxBJsxypNXqALqKgX
1983,4PA4shomDPO4XTHUYbNmjB
1984,2nRm7BbBcpVaInDBCag61K
1985,4fJCpN7FSKLMt22aKQxSuJ
1986,7ztlf9mCrjoLXAYYf0LCYx
1987,5E6YIdUMaGNxfyLjmutMKn
1988,4uf6GYD0cShgYKvRiKDNYt
1989,6pzWZe7LIcfKzriMIk6opx
1990,2PpruBYCo4H7WOBJ7Q2EwM
1991,2q8lHMMso6wx6pb5uwqzOs
1992,2vfvGlqCB7oertO5VLE0sz
1993,2oLwDI8tZUOh6SmTMRRfKs
1994,1SrDDrw3ZMElLdnTjvWJOg
1995,1OkHiYsPJBwhR5Jb0hz9Q1
1996,3lecA86POu0jRaFIubASoT
1997,50Fp9rUhDZvGJ4UUz4mTwp
1998,3HTaKftetB9nQ4Vv3KnmvU
1999,3VO93aw7fZhxKk43pr2RTE
2000,5katW3JH8JM3jiEdrr2zuR
2001,5qKqRkWnRTXNVWbEOOmGxk
2002,6w4MlvpuxtbjGdL9YeTx89
2003,7nfGrjZf34FxqS0FWXM5B7
2004,5aC5KtkmNBfX1iFX4EVfCO
2005,5oKpqxuTm4kg8BRQwIBFzk
2006,7g8S0N45Tkp7yE1WEWRwyu
2007,1wYp8ISMvX8qrflPrBU9Yo
2008,0shK5iZQppbHPQYiy60xs9
2009,6EQ4orawx8eo0aXH0pOKLE
2010,4V3N5LvUOh3yDPP16cwAhE
2011,3sQDstyMhCcDJ3mY6onZez
2012,4ufZSKCI84Pd2ZlWTJcu4i
2013,5yTQ7Vy6EwKwB64Vho90LI
2014,1KQymTxNJfWk6vCD5ywKW2
2015,2vjgepbkQg5jH8ujrKEOin
2016,32PWtlzKyvr3HcvJp1JFF5
2017,4GdB5M7GbwLZLouktYocFC
2018,5LAgMMJQ42fF8yKLKF3Wiw
2019,6NqUceA124QO9v5jYv0QCg
2020,1H6S9OkozTNvcASUX4Bfgb
2021,4mrR64jwacrmiZluhBelDB
2022,17vQTNbvhpvi92qOnDOFHB
2023,1PyPKL95WlzYMlRpJTaTzd
2024,6eZbCRTrU2aJhhp3VIbCwp
2025,2B15MgKTaavdlKdlwd4W0R
2026,1nrsFfACPG4Hnw5AuOpCND
2027,5A1jH0Zt8YG8NPj0bfsxSQ
2028,0tpUSqnOkcuMz2rwrSKKf1
2029,7nUsDCJPnJTqNUqxipnNy4
2030,2eb51UvA5hKfZOC1cy1oA1
2031,6w6SW8zyEcyxwSR7Wya45a
2032,5nFur5SMzdpP4obWLrBFD3
2033,4fR8CJztzJ6kUEIw1dBdaO
2034,0rQtoQXQfwpDW0c7Fw1NeM
2035,2Fxmhks0bxGSBdJ92vM42m
2036,4QIo4oxwzzafcBWkKjDpXY
2037,3XF5xLJHOQQRbWya6hBp7d
2038,6IRdLKIyS4p7XNiP8r6rsx
2039,3Fj47GNK2kUF0uaEDgXLaD
2040,43zdsphuZLzwA9k4DJhU0I
2041,6X29iaaazwho3ab7GNue5r
2042,3Tc57t9l2O8FwQZtQOvPXK
2043,4SSnFejRGlZikf02HLewEF
2044,7qEKqBCD2vE5vIBsrUitpD
2045,0tMSssfxAL2oV8Vri0mFHE
2046,6CcJMwBtXByIz4zQLzFkKc
2047,3LgWsmilsrWXiPYQFRD0T7
2048,5YppmH6ZGLpW9dwnOZsSAD
2049,5GvdOog4FrFxWm6fXfjYIY
2050,4dTiQezDWmEOWcdCbWVWMp
2051,4YdRnTnXYwgI48kkzWy6uk
2052,5AdhyCxxguV1wXde1vqgWC
2053,7LBdv0ek7Tj2s0bgxmlrC6
2054,1raxsVXIs7WrI8apWGkWDk
2055,06JYno5nqk64Jeg8q2qZKy
2056,3ym9gIBrWP3LKjiH2kxyr5
2057,7o2IbwyONZhbwYmjYXtTF4
2058,5cZpwmXGzDvBDX9Iv6wXzx
2059,5OAr06c94n3ORwJytObpL4
2060,4J56uEZtgVjuTi27Rvclag
2061,1SZmgaHtfiXiolLRwsQQbK
2062,7d1DUolt8BNEBoe0DrpyWd
2063,0ctfy5bxmgrCTKRuAQQs3T
2064,5gxsl39CCgEAr85mz0eU3L
2065,3JPUuGO6UyaQ5XCAOLFjDG
2066,2Pv5xFu2m6JA58i6BiZZRx
2067,1ryJec5ccBWUKyD1FLggzI
2068,0MP61eDO4Y5q9bbZtSgAdv
2069,7cKirvNzTHUdu2Q6IQNQLX
2070,43DU2GT0RZcYQC090D8BIT
2071,3b5YHReWhnrlfHS7nk7YeQ
2072,7jmTA4qUoE3powcTpw3dvF
2073,6GsLY75eZHnOAWFqdKmZ4b
2074,73Qx1L56VRLYyKqfSi3xLE
2075,2ZVRyUFQTI5K99wpJElGrD
2076,6vt0I1cw1YmAIKDJvHVIM5
2077,76u71tQ2GALnwY0VJyOu83
2078,4dwNcnCoPnz1x83AWu1kAa
2079,4mL59LVbKgOpEACxraGYdr
2080,2nvmHk4JnsZ94mygliLsou
2081,1DlMzdRaFpIABvx07jCgvQ
2082,63LJjsJuqZgQyYibMXn9ku
2083,2pg2TiYo9Rb8KeB5JjP7jS
2084,0PYmO55JPwEWgtyJbkN6mq
2085,1LJdXxqYLqC1hP7dqawFBS
2086,7tX9wItFwaTPCuVBneLrHs
2087,0WXct4PcELq8Jh1R4Yhw4W
2088,4t5oLATCoedh5N7gHOBtcz
2089,5myRfsc4luoaoV1r72m1LT
2090,2ojmwHSbnnAokGyYfisXDl
2091,6bPX2O1L9QAlvUaindaEFL
2092,6NUW99yrBN833ABDjII55W
2093,01RDEYV52M6CFv9xqgl0D7
2094,5mymZaPY1A5x7or2TB7TJ3
2095,4PdxJc9J12zF8cFgdH5tik
2096,0ShtJHFyIDql6ZbbhJwf6Q
2097,0SXcXVl6m3Bb8fccrzdRga
2098,1kQbkd67wUkTka6RmyiFL7
2099,2FEUO1HUTNn3jtCU54cxFH
2100,7jjKsW39O1i8hKF31ShpV9
2101,7Bn0QbIRWAsowGHSrD5DuJ
2102,5Xe4fAuhqxQRSjTWNZLSqJ
2103,61TrqY3r2V7N7yJJkrf0b3
2104,6zfo9AjZH17tCJvate4Tst
2105,3t844ssjXzE9M3SDtUxTI4
2106,60W9P4zX25XPbbC5IMCoH9
2107,4uEacDqO0lzmDUFLgNOup1
2108,3vMVipXhMeZt3wWbSBD4th
2109,4Y8MG7qcAMk7JB7Eebpcvu
2110,6HMJztEGXVZgkPICDvH2yx
2111,02CyjOcb0JZoRXe90t3t2E
2112,2hcohLIysMxofYziluXCoX
2113,2ej1A2Ze6P2EOW7KfIosZR
2114,6zYBZOP6SuKa5JszwpAz7Z
2115,6eGMwVVABqVTe9bWRIm498
2116,4xlpJ99yL9xYQtzG6c3hwk
2117,45ejirK0hfPnsjgzj3s7gP
2118,7mEPuj0XW6eK14Unu6IUc1
2119,2g8vK3m0npTrzsADQAnbVO
2120,2eej8hyValZva7TdN39zeD
2121,7BBZGDSZbsb4Esi8YB94HT
2122,07JBINIJSHZMkpghrXe2po
2123,69jGxyfw3lzGGYf78jdkpF
2124,4rAcMik7N6LlIs61u5bzYo
2125,2rUaktaAxshyPzIdAKzk1Y
2126,545g4jlvOqZo1sj6k1f9j9
2127,6SIR9Zx1I9VaFDPj99z9JW
2128,3au0pvHqcTtszysswan6AO
2129,4NzMOnvSJVNKF7nw5NkXIP
2130,3UebVboi5nMHLgja4UrZaG
2131,55tFMkzZiWDvQDaH6ngUwP
2132,0hcHVWcYDDWPwUkgQAacTc
2133,35Rbqn962gEydsN1VKOC3T
2134,55UZjOb4sWb287xWuuz7gb
2135,015jLlgBeSkl3CApWJhlv7
2136,0UPFerZ0voLFW8uIogZhUg
2137,0LGU5IvoXwGfRpbgr09UsJ
2138,5pdon0TCPmACVq1ehsGboy
2139,6SzbbQUOx85hxpqsesoMfx
2140,4BJpGfAf7hJiUeZilWT2Mf
2141,5mnvqisoDJilY0uCEdT8rG
2142,0UVfZ1QfaSPqRHhmZNVI71
2143,6eSTuG07FIPpLkekbpYIsZ
2144,3rDSYhnTitavlnZnc22siJ
2145,3tR8kheItTeoPalDSXX3dV
2146,593W4qZOwwdqF6YnimJjL6
2147,7wVLads8CFKdKfKf09CDRw
2148,1l5AqNHJ3foihftOJ1R7Sh
2149,0ntHEP3DJyS2qgJgqbWNxh
2150,21iL1HD3h5AXGdSZABFd8t
2151,7eqoqGkKwgOaWNNHx90uEZ
2152,4U5ovGD4My7MOISvUEtYaf
2153,5csdNgCD64XzhsyoRlhzsa
2154,5IU4Ym8qNpQFIo0EXUceRr
2155,069XLpELpSN1mNuoyNjEfm
2156,72ic9IhRix05fIkRzGGMXD
2157,6ypfqRdhGKVM2rloD5oXmU
2158,3OORhRpIhCk21HaJwMAp5t
2159,3y3U0Ek183gHVBFxO6fFos
2160,2U1o4m94J409IQ6Y3jPEii
2161,0K4e9NIV1jrA0BajMFzOgd
2162,6eb1IXdlTOyMbYIf52IUE1
2163,0x5vUPuVxroN5Ruk4bfpre
2164,5667yBR4Syh98dcUTdkhwH
2165,3PXKM37YCejbgpRXQwoQ71
2166,21JnajgprNOK5kEYrjEXZg
2167,7JBQG4PQ7x5cHnkj6kmtK9
2168,5UbXuiN7gKDJ9bKFFgagzE
2169,47DHa7huiZJjoIOBFetAeQ
2170,05b1m1edzEyi5rRZKzpBnV
2171,4oMCcatoddTXCd5erU8Kfe
2172,6LWY7BKQ50B8RJDq8IzR6l
2173,2fap6tWJTxnGxTehc2KzlT
2174,4as6oCMfwUhRoMbR3OYpa8
2175,2kglz28uEL0ZfZ6CwcoGWr
2176,29K1khH1PNJfQaud7bdw89
2177,2AxCitncUXCaehjsyuGhxp
2178,6LyBBSbvfdInJvfPcrwkxP
2179,2wUnFLr2k5491Pv4cUYd83
2180,1XiKRU9Dg7QPlGRSWbfXgo
2181,50yYKk1o3W8Tp7skWT2AKv
2182,2wTGE01CrlTOH4naE9OGCE
2183,5bXwm2RRXbyDvCKE9VkSLU
2184,1g2mY3SYKNI90COS9x8dgB
2185,2jlVsVNu7aL9OjxyJwYZF5
2186,3XSHyuem7nf5GQzeScCu8S
2187,2FyPSCjAed2BEipHi0QLZk
2188,6i8ipO7mcVtmuNCa1uCGk9
2189,7zFXmv6vqI4qOt4yGf3jYZ
2190,1RMJOxR6GRPsBHL8qeC2ux
2191,1Mza2sr6tPhy6jjI3HB9fW
2192,3SPfACAarZmNEF45erapCY
2193,59acp1OhcvxwVBwQJBYKuX
2194,0KyzXQhY2yzcb1FYCHkZc2
2195,3E895HtTn6lB40SA0l9EkL
2196,1jQfgl9WRle7D8a3GXLwaD
2197,4nESnAOALHmxg8UFCCtXhO
2198,0YAQnYt2oB8OdoaeqnHyTI
2199,6rDaCGqcQB1urhpCrrD599
2200,6gtNiLJNLBcV0P6Juenstp
2201,0bnGpP5DSgTy4JCJqUhrxY
2202,2JyMLTDO57dtxKjm8jNBUA
2203,6MvSyEDqD6QDjhj5al6d2H
2204,7oG9C8zLe5WwZBA6HwRGCY
2205,60OmsYOXHyPROUu7Bc8umb
2206,2GkWQd0h4J7Fwyxf69NpTy
2207,1YgE8A1CML2jJNN1BKz6MD
2208,2kxsu1pjmfjAq4qsf52j87
2209,1xYpVRspgaLxdJLOTQkTjg
2210,4DTpngLjoHj5gFxEZFeD3J
2211,5DfWF0jqMgZDCiu9zJENTA
2212,3nTDO6k4R6i3FpKx0QNgJ5
2213,74lnM5V6ecvoTPV0fvptx9
2214,3EikYy40GMSp8l5mDV6IQo
2215,2PCKWNZYcwyFKd4lVRWE8k
2216,5SzhkC3NGjcIq6Brs8pSj1
2217,1Bp5LdIxR3XlprIigqp4en
2218,6RiMRVxOiEYd4QSu1cxrls
2219,5StM7ktQ5TIstPckmRbWWH
2220,6DZ9UsN80HCp3ppmzxGGTf
2221,1ThmUihH9dF8EV08ku5AXN
2222,7itsqu4pC7fp3ytIiiLvrX
2223,3clpchqQ6A3p8jjPgKdhk0
2224,3lyYBA5PUTChsV3Ru3rWwD
2225,7LaLv7r8FLaAhOqKf2N99N
2226,0V0lIJXbQ0GCteqvafcPSN
2227,3J2W7VUdHl8TCHRyNt3eEr
2228,31vQpwkKkA1OhNRo7rzNZ4
2229,267oHg8E2PIn735MaEp3cX
2230,4phXcw8nS9ZjrNeiXbhSNO
2231,4NV37tVCuVotth2s58QFry
2232,5tdmwAnDTfEsSkm7LcTYFa
2233,7AiMnJSODcJoKDejQ3mnoJ
2234,73C4vh7W8u41Vll5HvBqv7
2235,5kYZbBLAGrrhFKNbOs6D95
2236,18z6OV5lknJmKnZi7aA1zH
2237,1gHtbcRP4tz1O1NsxPpBea
2238,3kJudfRjZMItdFYVCCaSi6
2239,5h4Uqkh9RpRZwm5ADLh5uj
2240,3rGew9pmFEmGD9nZ12F1tN
2241,1B3jkf6CyuiF8CQcKlUx9y
2242,5dKy6Cgv6xwiRY3j3AJ7Uq
2243,0oz4ZqHuUaz3uEkP2vD0u8
2244,389hKTL3ZBPPWP3VuXfEyv
2245,1D23GEeQ32aqLw5ZnY3Ivp
2246,2gEmgpnxseKEVRTwkSGopN
2247,5SqKi0mLoT3VXj3ei3SZXY
2248,22WV03i2lBbwNVCE1g671p
2249,1qJ7U72pe6HsMHvoa0oJzm
2250,5zpDHEU12zATwLGvozxPw2
2251,2c5Isyd07hWsl7AQia2Dig
2252,2Gyc6e2cLxA5hoX1NOvYnU
2253,3XVBdLihbNbxUwZosxcGuJ
2254,6DkmFhzJrkVhDlcgcEy7Pc
2255,59n53QoJQa9RcvSuz739oX
2256,5dv1VQpsAbUv8xf8MrhoqA
2257,12h0hNVOLAmCIZZAtreUvM
2258,2JQ7UZl2zGtIJPdwwLPhP7
2259,4ofeOC5QE3bzzD9G2G743g
2260,34scsyykvXarquKDZgKPDs
2261,1fkO8GZyJcCSAnHrW2EP5Z
2262,3K0OGnnlH4XeT9oYHUg7cI
2263,2LbD3mUiO8z6EyFMAf7R2t
2264,1WdvlNe4W8fKgBKb07UXKY
2265,1J9EWqQS6LFjVzKvpPsTR2
2266,4ir5WlzsgiP6TEbRtkhCGR
2267,2M9KsmmmB6grt8zyNeysKR
2268,2UfFqfSYANBBKa7uJPFyzK
2269,4Qj8gCa5dnj86sL0WIKdfa
2270,3OXhib7pxAWnmwwoUI6HqY
2271,3gZQk9T3uujQhqaNO7FZbZ
2272,2GatydE8QyyevCvUmMhvhS
2273,1ZKmKenpeY1Yr94kADGpQF
2274,56QspNOQhZHWNONFKcRws0
2275,4nwvkfw0KzhLo1bHut8o05
2276,37FFOyjlneevUqyT1RWPVU
2277,5UZj5iJXxpYogvXnHuiNMp
2278,2wqJI08gxFkHAJbCiqtfFz
2279,4o9lniSBluLJwvNNsK1JyS
2280,2Dfp40ZQAJWYhL2EGd4tSP
2281,5aqu5xhPqoOWqF71PkfgM8
2282,48Y9pNe30o273HGYKyMKj9
2283,0L38hbPRV0C4x6CH7WZe1W
2284,7c3SbTuufigBWURcICnAWy
2285,4kHSIZyIEijaMuZpV8GS1p
2286,0lG7iyNSstVOLV6faMIHdD
2287,3LfnrqODEqXpp7s974cT4z
2288,4mnetrP6ozVrc5lkM07WP3
2289,6i0z6l4tMurGmW82VhzoLi
2290,7GvKDZP30uHX0p8y3Kn6BM
2291,4n02GblHZte3q5AzcLHlIK
2292,2lRe5wBRm4xaSKTbDn2vLD
2293,4qNijbGeHqlcFWrGrATFOX
2294,1eMWxSLN7rDSDSrvKSj8gS
2295,5sEKWiSjsWKsmV9IOvYKhD
2296,1FVUFtrQnIqgwEXrRb2Qrr
2297,02sObHgWwieFWa9zWIi6gF
2298,2jLVXSoCCuUDD6HUU6CaY5
2299,2WhmaCir1p0bXaiOaRLe3C
2300,5zEeiQbazUWskpZNhnh6i2
2301,3NV4DUVDd2qubFtp4CgQ3p
2302,41uX0L4bro4KfKtDIIEFFe
2303,4iXyMgD3jJ2GnKJKBfs4fB
2304,3b0Voi6WMkuyX7EVa6QKgA
2305,4jpNXblh7YDEjbhyNo2uND
2306,6b6liLOZhXdOfFBFVN5KNK
2307,0RxSL5kjZXO45l38vVerNO
2308,6eL1ncVDtQHgSm3E288TS7
2309,1AdmqWMl7MCSRMKpwiH0yU
2310,2fRoKHW3lzNUKIUTade8nL
2311,5POEFQCKtD0QxYLfZ2kqEx
2312,2Q13JqwPOhGIgvuHgdk6eZ
2313,4abXyBndn98651BwniqrNC
2314,7hJvx1rJTUsKUngnHdBuir
2315,7hnXGKHrBw24S9Ptry3cd4
2316,0gmYtRyuvRKpd6cCApSDTh
2317,2bej0YlVSD5S91vf9dVHN4
2318,3eKVubySb5Se7k2evSoT32
2319,33omqR79fIXhaqdO4kQFAz
2320,0DcBQ7dMhCMvk9t6L4XI7G
2321,0G6ExlA2fcJIDGoayswUNT
2322,7hmAf3bxD3xRGj9pShrLlT
2323,6mzaCRuLTRiz1caGOum3zT
2324,0Fao855T3klV3REFRFHRF3
2325,0v60rM2HLSatgUyVZDrLwm
2326,3Vn9oCZbdI1EMO7jxdz2Rc
2327,2eT2XA8FH6yKqIO5AbqMjs
2328,6N9PAf91qP6aJIzT8bVoof
2329,2AD2Xa5MkgF0xJBE1cFZwe
2330,42bQZnfDGmejgB5elWY3QA
2331,439gEXy3QO4CwMA2Fd8yDS
2332,4KUR9agGDxQZURJ9liWVHD
2333,0gJ9wUs6cfnyZXN8U58vAx
2334,5VqKdNoamMXrmRmqVmi9ke
2335,1YLfaRr3QIW1fF3nvDO0gX
2336,5DUPCIO2cmdB6GEOJXsw2Z
2337,2GlATHCDbLW7xq5BE0Bz5g
2338,4squZv12LD9M8ooJfoVgZS
2339,0V6imIPZVXJEtl2umdNILO
2340,3DRG5CJplWKyNDc8z2It8T
2341,3gfIiIN9ZrFgfI9eZDI831
2342,1dxy88oPzmIN9QAyCNfXmW
2343,6CTWathupIiDs7U4InHnDA
2344,3KVlk3I9qKGTPFpkWA20nh
2345,78G8Zeg1T9ASAyCiRGG75N
2346,0SbOpoBzBBCqWIcvo94JeD
2347,0CN5UmtHPdenaE2yyT7JuZ
2348,0H57lJQoHSzP4nE7EvTJPP
2349,1QKoF35gNN3dCNSGlin8bW
2350,6AOcDjTt4jfe9ostQ6eAs7
2351,7jaYiqwCFQDdtxfQaSzZuM
2352,564oa00vY05d1uYnTEAAmE
2353,3NsPvsr9VrcMtAxJ50XCL9
2354,7qcxGQNLJup67pQwTKsR8E
2355,3JnuGitHblAKCT9uAVGSEJ
2356,7GbQdg0zBhXkNYbRiojA45
2357,6wOdpwaVrRtWlVSQNMBNQU
2358,1Gcg62WCWynIyjilpHFYTJ
2359,0jWHVt7QkVRWCj2Sw2Ncl3
2360,1ahzHj4rfljE8w4ZwpEjOM
2361,3RwY9w9syTHrZeVBGl3QvY
2362,7l5j3FapCyr6HxUgoAynM2
2363,3z3zYwyEKFuuEPXszQ8zYv
2364,3PZGXFLTJVNc8GS3SPrkMe
2365,7iNZinxcqHCkYlcb4hyU2i
2366,0ZLRIcZe1QqGiZJLJPPfjB
2367,7gPErJEQBNOJGRT4wkZ45k
2368,1vAp1A2GSzqkMmhsrTaeBV
2369,35Ru3Ihj06KCNDryy2iUQV
2370,1RFXfbOkZt5VLVmSu17VJ1
2371,4HQRFbdbA8KdjAfAGTFT79
2372,4FQRtjznFaugTsMmGj4N5f
2373,76tGvMdmFKuiMew33ZNNA9
2374,6KylmDpjgD9Y64u7z9k3us
2375,6VZg3YsN5kKBwz39fPcIM1
2376,4brsCJvBXltnyCUY4W2n6y
2377,3QZuC3AaAR2BiQHx0mPklX
2378,78p6rKiC5JgrJEroo9N11g
2379,28GbaBYFpYi1J61fXnGSfd
2380,5OUTFH5acycdnf8OVo21Gv
2381,3rIKurK8njiyQvZQsSU6bl
2382,3ijXR4yXgN43eF54uK7oos
2383,3PbV3ocgAp3Xn0omGFC0cG
2384,3AbV3JF0bJAZXeHEJZfpke
2385,7LmkhaMCqsjppaYtAYhMaI
2386,4Ozmbn4LIW5WVZhhHuk1Gp
2387,2d1VRB0OXkwtMu0OKsxXDW
2388,3xQgFxJfb3rfHIoBWd9M2u
2389,5ikBZVTjSz8refDMxllN4c
2390,2BsXu8hIhhFCk27XSsXX01
2391,5ocssuIhnX8QFghnfQHMtz
2392,22u2XPSa3e2UAPZJlidsli
2393,6ebKM7dpwdaEf8WJrVC1zF
2394,0aQxOTe9RCOvCliIC6o7Ll
2395,60qfqx4N1pA7ZElq3sbGyl
2396,0UULVQXjgFPOttIW5qF7Ak
2397,0CsMyYqXKbdznGEXSjSroo
2398,1YnhmaHKpNEroXiGqc3BLT
2399,24LTP6ZVZZ5epkbnTXM21c
2400,71lyUtIPCMAYjTwwwxy2jW
2401,5FX89IUKm9QJT9ymrmyK4k
2402,2TsBRXZQSGp1aaYeNPcT9o
2403,5hqh0JUxRShhqdaxu7wlz5
2404,2uRqJEudnHdYINvwmeaG9h
2405,5f6esnDQcBiFAm8iMfkw12
2406,2NoKRHt8LVpnQMVl3TPwvu
2407,2eYY43d0V17SxOX0g7sBAD
2408,66UI237YMw6AL6S72FGKND
2409,5oO0BgiNJzi3Q13uIvizqN
2410,5v1QJxlh7mkNsq7fsUf5wV
2411,0GAE689kVy7sFT2QWZH1Xa
2412,7DfFc7a6Rwfi3YQMRbDMau
2413,6jypaMkKsoc5npsVzxhksl
2414,1HwbgJAU9PZ7YbzKgVgoIF
2415,6MEDfjHxnVNcYmHe3mM6L2
2416,3iW3y326xuRpNVXzOMBZy5
2417,0725YWm6Z0TpZ6wrNk64Eb
2418,2ohegz9maxzroKBu9YhcCM
2419,5lcyIeEfwZTs8Ajw3kdF7P
2420,3GZD6HmiNUhxXYf8Gch723
2421,1VMdwVq0yaTc4DeqSCi7DO
2422,0msrDPXxZpts4FRnoX0bFr
2423,2pMPWE7PJH1PizfgGRMnR9
2424,4YZbVct8l9MnAVIROnLQdx
2425,05tFLPSXJ1BbqIXy4Jeqfh
2426,3ivqs39ibL7diQLRy5f1ex
2427,1eu6vM3Q8wYKGYZCn26uMb
2428,55PSa41IUOdychvEObqaJc
2429,6La8IlfTLh99pn90PwDmRp
2430,4Uxb6ZyCz6YnB0Rr85IsS8
2431,1MVpa4w2TsjgUoJxMRAP0Z
2432,1M29bCfGJHcZfmb2ZtdsAv
2433,0wKLYLAopyVMRvWe9icF4e
2434,31c86U35gJEV813lIaQzZe
2435,1m0h3R7ypXe4oddXKF785J
2436,2enPyscbWzdPZCKjQ46bwz
2437,4xqhNm9i16DVITdhdu6zso
2438,1m2QYKTNuSOv46hfo0yU41
2439,23HBitYPsgA9LS4Gpsq0V8
2440,3qsvZRLRLSQ5iNdiKF6f4k
2441,6XhKkqCvZE00Bvrb4SRmFz
2442,4E7W7L69BgGULw7vqgDyVz
2443,71jfPHfPvcB6vLMTBcbdBv
2444,2A03PlulZ6sFTvHut8Ga9K
2445,3xlN0Fe1oEOEiE3yWLYcSD
2446,3UyFPUkQ0kE0OMiPbWnQJ4
2447,5JdNrqdRbwYoZeuErHRf1J
2448,53GFGZA1cLBs5U9inT4DdK
2449,08WsHJBBBjqWXIlNtiL27b
2450,7mZwDdRKbjdepbXS0gLZFs
2451,2swu91llDBxeb75tMETplV
2452,1r1oITz34K73OEbz1ogvxk
2453,3ZO6UxR61HavlXuyohc14T
2454,0KjTPvyjSz7j2FS4ftKeCq
2455,1gHC5zFCmKnjKDBtDBoUQZ
2456,0DsXQUA2OJW70LFmC95C7S
2457,2HEACm14WJGvQZpQ2TKoqK
2458,1PNfhBdmFikFn4vkrwiq05
2459,2nrwYWM1eUguD5F07SMmow
2460,0kDHiwkrZutBHfjypFUzc2
2461,5UYsSuc4S1pE5akZ6mjNyr
2462,3DiCcOpGyqBzd2MDoUnD6K
2463,352gVtB5hVJFWzjLfRsAJy
2464,4TUcevHtl39GI8qGqIDpGl
2465,18QDjWQnHOyrHdM28Q2xYk
2466,3nMnJUqpxlfX7j1E3BquKe
2467,6w1xCFcN4NlXaqLAv1dYcv
2468,58yJ902sAZLSNYzXKpyDM9
2469,3ZVw1HR1QAQoKBygbhG4CE
2470,5BQrp63SHCVf4bzCzJePne
2471,3wScL5W8H40zzCKN0atfBk
2472,0CBQ0m3mufWH75LTYB3s6h
2473,5cGpjfgAvidLy6znwkCxkP
2474,5IvdLxVB8gwwcgnEkXSSW2
2475,3JX0dOCIAiaR8MP3ryXWuM
2476,2DnH4XlEkghUdE8ymdVom5
2477,05r1GGg1Rhs0RcUg27C82a
2478,0ubdf6zWT1It2saK41SkO0
2479,2AwyHlbA6f641SEkizD5JG
2480,5s6pKnF3ZPtuqvEx1i1V7U
2481,1Dk3CfJEtqvj7Xg2AWwfEn
2482,7EgI0dCaQuHFe3OTj5EpWI
2483,6wqWfSOZvTK18SAczoYm1L
2484,1kaxyXcAi5ZHF3Q94QXsHK
2485,6y4pOReFqH2wzo4CV91cZC
2486,7cG6SxmQ24hQWnR8UThrk2
2487,68lOQPb5tX8U2cQRuas0L2
2488,3aUFrxO1B8EW63QchEl3wX
2489,7GRTrWsP3yo2Fx8umJfA1X
2490,52Hq1nvCDDZ17dhgGWLnCI
2491,3rFF7kSm5qBOOPs6ljFgPp
2492,6tZ3b7ik1QDXFAZlXib0YZ
2493,5sWbwccBcyHsg5LEKWGZo9
2494,0Px86mRlxdB3YqpK6KXWlr
2495,6onwlDmIVKE8bBgyBRSuS0
2496,1u1VcXquBfZfu7dc8PVYVc
2497,1deetO7jeQqMH2C7kSH32a
2498,06RUl9rjiV0OhczC0yQ0YA
2499,1cjRGRxMNA8bdpFMbupG0w
2500,1wjyGxvNK5POKbIfNroB3E
2501,6mXwoyzrpb4T5Iveoo4k5G
2502,7wqWSTBpYjsFX4JDDQaU1w
2503,4sbHGlsIw5ST7u9s7hLxME
2504,7GKiBHjFfvPRNqqOuRYqLB
2505,5bG2wMLua5ywaXjwmSQ42r
2506,24OsKc9qr5IFyiaHNCAk3h
2507,28GiGdDsLRRCaYCrl9Esxr
2508,5R08q0FbWLLQ5Bec8lQ3am
2509,2vSzbAjeftc7pxnyIM1QPf
2510,4mGPJXOvOMfEP045i1vERw
2511,2HwqshjCe5Tuvq2s6Fx3K5
2512,5SNPmbE3OcIVUlzQj9M32N
2513,6pNzEI9Fyf981Wr9mhJ8Bp
2514,4B31QOL13iBeuIsaGD20BS
2515,43tVqovviXhkmOV5LOkTn7
2516,0yNecIrNLTIsF5ULCraPgl
2517,0fAehaneUJdlSlWXYe1KZp
2518,6plT7nFGiXKSBP9HFSI4ef
2519,5BikEzeYYFtRvR1CL1UTRg
2520,6mrRJpEOqNEKygu4fesH1e
2521,1MqC1CyfmBiEgauT4sqhSE
2522,76wXoUkBme6E5yPhXv6zfR
2523,7y6EHdn8KFJUD2F6zWNWhZ
2524,7lhkOb0VNnTlshwifCEoSr
2525,49aTv96mDjvlDb74XvVSc9
2526,7kF3pqmT3wAYq8m8HsGoOB
2527,7KKW3MSfqCCai76gKSZEco
2528,47A4a2ZxJaZz5nBME2HtXs
2529,0Tnv9pQJ1CZfqTpW15xOCL
2530,3cR19PDGb6w48V96kMaZOf
2531,6e1Vn7zlOKQ14SdOfAZlpS
2532,0oOvCyoDVfZ5FOQzR6hxoR
2533,05fYJ7tzszkFGB2QjtQSBM
2534,5fQdO29lndRozE9cKcyr8Q
2535,4nCrqIPXMMdLF1LIJNdVoa
2536,1uN4L63BOGFbuUPhhPrAn6
2537,5bIIWClJilJag1UnJN3nSM
2538,7kzpN5aoYrh4v4i6tE5OMi
2539,0GbMw9lUGtFj3BYiZyKaI7
2540,6ZFTDpXIMCbjIWiwHUzsoA
2541,0wOfHhyR1IBIiokLNmzHdS
2542,51FJsdS6zlKHMPoxYP7727
2543,2gTWmQ1Lp0myiklfJBifj1
2544,6E0rFfbWyQwB1BoJIDmCFK
2545,2RS5JIeOSWIgny9VqerNBv
2546,0xnKub0UFD02ipX21aQNgL
2547,4oGwYgCOXDUXbFB1BHopGr
2548,16qYlQ6koFxYVbiJbGHblz
2549,01VGA34ATxwp0Xo1ldduo2
2550,4YwNf1fLZt9IQhJeHNWfBi
2551,6NyhBA9M6KK0fuVsojxL00
2552,6Ius4TC0L3cN74HT7ENE6e
2553,4txn9qnwK3ILQqv5oq2mO3
2554,7lL3MvFWFFSD25pBz72Agj
2555,4Tjh34RS4ACZ6f6srlDBg8
2556,4qRjfovbhI4EwP7VQNfxVW
2557,30Chv2SmIry70YwtmtaKnj
2558,1HNs07uZxZniPNmniw2GTa
2559,4gkl7QbQvBd3TM9PhlWFkI
2560,1dXYBALYTj3AMxa8hgiQhA
2561,332Yig3HD2IdDigzlf5Ndl
2562,586xfl7VsCFPD9z5iJoKEp
2563,7er0EUMY653mxZ1NVD9mwQ
2564,1sJZgGyZJookIoyLi9jDOV
2565,5DXJ7agkkKytxX8Z2x1fY3
2566,6Xw3iWrQKgArwlRhVuU9CK
2567,629TRAVD61y1ZVNl9EOfEE
2568,46CA1H0T1r7u5lDUtVveAh
2569,2CnrJj6Jz4vSe5E1hsWtpg
2570,2z3joGXrdGL2iEjIKQTiN1
2571,0HtOJj7Kl74s1Ngf3MWeif
2572,77IAeEz8LEchPN8UNjaTJ2
2573,5rmcjZTrE9JR1YrbNZDFNW
2574,4VYmdTVFXDq0LtYMoVswTv
2575,5mexbTuWx9d8DPZk4sDGF4
2576,5ZJABzmKr9flocrtQqbINO
2577,3HXSQWIyz7CUEI96kUurwn
2578,7oopoWQa0jicMSf9SFtxMK
2579,6xXYFVsFDGSLNzeE9zGCiL
2580,6b4A1mLzePAHGn3XCicLAe
2581,2LNMhZ3YijTO7USmqjgJfG
2582,6FhEDaaRFyPRMYqhhXivO9
2583,2NjeQLvFsfeKdZoA7dbfL1
2584,4d8BSdhx6WT5GtTOWpv4rh
2585,5vm7y9SmcH0S1NOQanb8rQ
2586,4Z9npQ93MrnIkRcTBKwSa3
2587,3I8yVFjvJoOBM9tX4ZpxEL
2588,3FkTxVBsQHrwMh3IyfKO81
2589,7useXLqEWfoNdRveqGoQpv
2590,0TPdDzUFV5mAvm9PSgacnD
2591,3XAFrOZbJYdMaHGP4qutqs
2592,5uIRujGRZv5t4fGKkUTv4n
2593,3OYSWIgKXiwjutuQ4NEk1b
2594,7zxLkZbUxITHabPzGN8Xgc
2595,3GdraAzwDDHC8OWOcWYb5Q
2596,1FeqkvjeeBU1nOQVeGIRP0
2597,7mjOxXnZYbGtgjyX0hqaLs
2598,7eAp42zD2PbKJMvHVcHHF8
2599,0CykIdXEwJM7qtyof811lk
2600,5nz7urVvzdHXEG1Di1LkJU
2601,3wtE7YpfvVbTfNIiLJEbw8
2602,2XYFe1dbPEujyNiq2MH8c1
2603,2NKeFTlc4dwCrPoWbhdDKE
2604,7j0EnXOIyq4qedtko87r6f
2605,0PlCVl6zjAIrTFVfgrlIho
2606,2KLFsX6lU91FfcBvVOjMul
2607,0UaMbWZhMnW9nZ7244DG9D
2608,5NiqIB4BwRpoU1V6U195OU
2609,6v19tp922KYTzPg7sovNt1
2610,4MUUvOkt9yJjulyNEfRyBM
2611,1F0tYkzGNjogSmx49DiaBa
2612,1oNcADo4TZHpkfH8x1xRVW
2613,0fK60qLRIpyT05TXzoSBY0
2614,5VnpYqIzm02X9gOhVElQo3
2615,0UyljEbX9dqI1K0sqdv6B6
2616,75E17iK1Hb07UIod7qNXYx
2617,4KW1lqgSr8TKrvBII0Brf8
2618,49fT6owWuknekShh9utsjv
2619,36o4taPyOdnOMf01ERmn9a
2620,4qYLPta5HZ36idWiXtqh7B
2621,6wfzokDylbrJzrJcpnBkcy
2622,5CGS4UovzA7ftCJkLVXQju
2623,432hUIl3ISDeytYW5XBQ5h
2624,20r94xA0bsYNLtYSiOE6r3
2625,1ZnA4VYOlYIShuGt60LmCs
2626,2CHmgtK8OCL28WtIK96u4N
2627,0zLClc0emc6qUeV1p5nc99
2628,3MnbXlC1N7GdS9M8HzA6no
2629,3cCxoOgfi6hgt8MNteuiiD
2630,7yNK27ZTpHew0c55VvIJgm
2631,4D6TpthzUVNTjWQqfBW5Kb
2632,22L7bfCiAkJo5xGSQgmiIO
2633,1UGD3lW3tDmgZfAVDh6w7r
2634,3DK6m7It6Pw857FcQftMds
2635,3rCNmRonlHN1TXQLcG3dSk
2636,4EndPA8b6FDWYp1RgsnLEB
2637,2Im64pIz6m0EJKdUe6eZ8r
2638,4e5IPJxSGVWPsaxQzdRseN
2639,6K07Ahf6V7CAQn0ikrOztl
2640,3I0FBDc1c1BLNtXWKVjmFg
2641,0dbTQYW3Ad1FTzIA9t90E8
2642,0Y7di9ZCmB6Elad5WISaPc
2643,5WI2ltQIdwgzf1SNE76JyR
2644,3KUpGMnZL76I9E7FoWV1re
2645,23zxnTDMZ1pidA91AUawNU
2646,2c09gumRCmu3qmbcqdQbUN
2647,2S11ZvEfuFSqInfxWxkx36
2648,1mj5oaEpqjciXkJ5Y6pu5b
2649,0QV83q2vzzOM4uODVyXf7i
2650,5kkxyqYSQrnHpfsmkjKi81
2651,7GxBuIJugWanLsYj0mDrFX
2652,3t1cMXPS25j8hpzJyLY3Pn
2653,6tGwDY47NZVeQ5X83HDK6u
2654,7oYvZtOelvW0mDrcUZ3m67
2655,60srrpZaXm72T4i3ZAoT5w
2656,3djWN7th03XZtmF5s3C1Lv
2657,6cgFCTrw2kWwZm7SF7r6Po
2658,5DL2L5OuyZg1v2OWRAitFD
2659,5jQAnD4ISqs7v8FT7povMS
2660,6EnfW37wjj3qcwQDv602CA
2661,0Z1ozhbWc9XPczRSrFYqBb
2662,6B8h0AJ9iFdXBiiJkPHv69
2663,5i8vH5IwyxW8ElGr1tXWXk
2664,0RuJD7YfBO2gvj6smWkAgR
2665,0XMJORJKm4q3iorGAtcait
2666,3nPy7iQUaAgZeCeAWpCMG5
2667,0fDf7lTJ6A6uzGWUEJHcCq
2668,32UioUCnMFsr2UN7SvDyXj
2669,1RoMbgq42xO1DDseGTtuEE
2670,5d4scXfkO8r4sIf14DfBt0
2671,1g1zk6gOFE63kDszT1luxY
2672,1PPFVIkRXhTeM6Uud5ckEu
2673,62zjOdCRI90kHJCY2VYnSN
2674,0yfeb8mdWhnvuXPjawDbdy
2675,7EulRO07ZgchxqKUHb8Pvc
2676,5TgEJ62DOzBpGxZ7WRsrqb
2677,7wR5r0KYGXBpyWXCdyYs3F
2678,2iQYqdalv245vrCEM4W9N9
2679,6F980QL4axcqjJDMaV7Ew8
2680,5uIYONgpUQ7t0v7D6CTMBt
2681,16Me2jlMlTX4xsps2j71mC
2682,7EHAXZenBzmGCpccWCyg8z
2683,2UciqgwVDwro0fev3MFbxJ
2684,3e7Y6sfFlIdBMJhX7wpqVO
2685,2EgB4n6XyBsuNUbuarr4eG
2686,6sPOmDulFtLzfX25zICNrC
2687,5UE3Qknb5YDV6vQ3eGHPdL
2688,7jRoWfRlLnGYEIEn4t4kbq
2689,4nh0td1DYne0vdfv3iKG9j
2690,0D2nmjyqmjMuKbxM3WKLFu
2691,4KTtYhxFtFL7mBwnjkKfLm
2692,5CqnB6zoEsdN2eQpvV3P1f
2693,4aqS2EofieD4Ex84gaumpD
2694,4AniPkv5vgdE1n6VKreiyI
2695,09f37MsEmcFxDkrZnnoACJ
2696,05UWvFt37aF9k4CkupkE1e
2697,4X9uii4r425wBCsAC12dRV
2698,5kpnUpMNV9dPNCKY7JtW3Q
2699,50xeLNGKmskmYUSINhqvfa
2700,1HDaPtZuixue2q6VGNRdVO
2701,0tKyqENB2rCGNvkBw85Ghc
2702,3nXrCAE44KlevAkQB2XWcN
2703,1n4jwRVXdkK2U34nBDUKKT
2704,4BHSjbYylfOH5WAGusDyni
2705,1EaKU4dMbesXXd3BrLCtYG
2706,6SwRhMLwNqEi6alNPVG00n
2707,6IZvVAP7VPPnsGX6bvgkqg
2708,7KXjTSCq5nL1LoYtL7XAwS
2709,06FCvd7rrRcF3DdvWH5Isp
2710,6PGoSes0D9eUDeeAafB2As
2711,4iYRa2btalAzPZoSYfROqF
2712,23luOrEVHMfoX0AhfbQuS6
2713,5p3NP9mQblDsVJLdfNZJ3I
2714,0y9uTzK9cNKSAEHnpeRG8C
2715,4P73ZBrXOmsZA6WXsuxUC1
2716,1Z4UKak2eNteHFZkwiYPNz
2717,0Ur3MkuypsbtszAJyihCFT
2718,4IDvLovTxyuYNEloCrFbMs
2719,574y1r7o2tRA009FW0LE7v
2720,2ctvdKmETyOzPb2GiJJT53
2721,73OIUNKRi2y24Cu9cOLrzM
2722,2TjdnqlpwOjhijHCwHCP2d
2723,0vFOzaXqZHahrZp6enQwQb
2724,1TKTiKp3zbNgrBH2IwSwIx
2725,6FBPOJLxUZEair6x4kLDhf
2726,05uGBKRCuePsf43Hfm0JwX
2727,1tDWVeCR9oWGX8d5J9rswk
2728,6bXOlIfGIWh7Tyn4oyvLQW
2729,1fLdeDTrJWNkwOeFyAVLvF
2730,7kXINLuqpicfE1sDCZ3Xwv
2731,1xMT0HHQbQFmGJXDq1ApgX
2732,0ua0Go4NN4Td7l0Zre6Ce3
2733,1XQhZctQWzkznclbmbE7FQ
2734,39cpcnobaB8FdedVjHjXP2
2735,2iaCM7WvOknQI1230hA9eK
2736,19PtHjgLtiKGsrRoC1f9IF
2737,2xYlyywNgefLCRDG8hlxZq
2738,6C7RJEIUDqKkJRZVWdkfkH
2739,33i3xxHB4YSYGYbtJrwwO8
2740,4KgTrzmfiWNcVneh2Dd1Ou
2741,5SxlUF7J8tyFIEF22EomeP
2742,6ACiYjq5Q7e6BlhZEHz7cd
2743,5WNYg3usc6H8N3MBEp4zVk
2744,39u2PsqrAZpZ0KPx6CjasV
2745,4XDpeWqPADoWRKcUY3dC84
2746,0qtK3XwbuG153dmwB8iepL
2747,3R1Vu4Ws7UitwDxDHTol0P
2748,2R7858bg0GHuBBxjTyOL7N
2749,5UWwZ5lm5PKu6eKsHAGxOk
2750,7wBJfHzpfI3032CSD7CE2m
2751,7KZ5MMVgBVox9ycroB2UrI
2752,2xLMifQCjDGFmkHkpNLD9h
2753,4SZepBIPDRwPaHIjAKwRDb
2754,6OaVWaGfhXn70ZJfdVcabn
2755,6NMtzpDQBTOfJwMzgMX0zl
2756,20MuVazoNMv6xjKPnRFOxG
2757,11kDth1aKUEUMq9r1pqyds
2758,6BJbOXDlgVAXSaq6wYFYT2
2759,7lAK3oHbfEnvUQWosrMMpR
2760,4KYS9GK68yeuUJ8vJfPxrq
2761,2cYqizR4lgvp4Qu6IQ3qGN
2762,58TaFP5j5i9swOf584yon2
2763,6vnfObZ4Ys70SBAtti1xZ9
2764,5Ufv8Cu0pVxFNesgDJNnty
2765,0GVuLQtPXFaL18ijEOqoAa
2766,3KfbEIOC7YIv90FIfNSZpo
2767,359krpyCKcFF8SFvqWES9L
2768,1qkPQxOTLFmx3bwUOV8Kzw
2769,4F8V44j8cbjHnXjfW2HruU
2770,1AAqMQcyfh7UYPyPGkwa09
2771,7hNx9Dynz2fRO41L9AEVA8
2772,4bEcoz1OcfMgUbp2ft8ieQ
2773,19QudXVSwhHkaukaCyOM0x
2774,4vmqU3xlzuhxtaeXrtAX1F
2775,3axkNosdVQLZiq1HakuGhc
2776,38HcgcQC4suvti0Sa0e5yc
2777,0D5CXSUx8GOCHSY8KWgi9h
2778,0bxmVPKnEopTyuMMkaTvUb
2779,4RVbK6cV0VqWdpCDcx3hiT
2780,3NeiYiBn3rQBgurfVk92Zm
2781,7jYUaoOfdcYgUvkK8NnFfx
2782,0P2Dxoy0mdzM9NlFQoLZbc
2783,7FJ7lHtpbWvPKe3zCoeAWC
2784,0IJK096XrKQd14Q6fNqW0e
2785,5r8c96Zn0ZNHRecVKpFf23
2786,0RC23Ua9z3HUD9ssrX2VGj
2787,6zGTjEZ2zpLbl5Ij7vzTsi
2788,4A5FLaZI3Ni5eT0c9fqi8F
2789,0YHqyIiqJ6QoKKLMDkbcbL
2790,4fjzDf54eBNOlW45mNe14U
2791,3o632iBnSZ4LFDCacGkP3X
2792,0LDFH1WLQ6NPEMH556LUGs
2793,0gu5B9dUOiLezdDjrLPCCV
2794,78EDmwVdZzp6vTl3hVWzpW
2795,2I3dW2dCBZAJGj5X21E53k
2796,0E6PsO3ymCfUh7pJQjBgkj
2797,7m9OqQk4RVRkw9JJdeAw96
2798,4kUZvXB3LC3an3HX6h0s17
2799,6JyEh4kl9DLwmSAoNDRn5b
2800,7oHkit3F3vimtsBbnZkU0G
2801,4ImL3v98u2BLkwnyQDjfRm
2802,4dVpf9jZjcORqGTLUaeYj9
2803,6EuE9M1viu9gkdFSafia9o
2804,2r4JRwcbIeuAzWjH4YXlLs
2805,3qnoOm4fwZPBS116f5hpgF
2806,6Bg7MznA9X0dIhlAsLyBYj
2807,1DdgqEZk4Hqfpl3drdXJun
2808,3dG6tjetoR4GMmUGZUprLt
2809,0OguxdspxLLTf97lkA0Hpr
2810,4qSsjDGXplb6422X2INvFW
2811,5ga6MyJXOoInY2cEQ04RDL
2812,7nnWIPM5hwE3DaUBkvOIpy
2813,1kba7DS6vtzVlbEcPA9cqO
2814,6JKoTnberZoBgUuxa6l4Kh
2815,53dkS3h9uTNsWYZTPacnpx
2816,6zEPJJzojnfOrvfyuJiPtF
2817,3fpVWegR6YOS1Yk5HSMYIq
2818,0PWP4LIOI5xjVkaWqES7ek
2819,0Q8A7MPsoFg72xcVFBsS8Q
2820,5Lgqu1th1KqlG97OF2gWGe
2821,1AT4xjNarTswd0UZ5FlmKF
2822,0bhnUFDQFCEHCBlsQfHnj5
2823,7yotKA30dwTKNEGomV9ZsI
2824,0DJBgBiYeSn6n1AXAkFVE8
2825,5hgnY0mVcVetszbb85qeDg
2826,1G7DcLzPnopdZjLkev0K4e
2827,4JehYebiI9JE8sR8MisGVb
2828,3ee8Jmje8o58CHK66QrVC2
2829,0JP9xo3adEtGSdUEISiszL
2830,5IVuqXILoxVWvWEPm82Jxr
2831,1z6WtY7X4HQJvzxC4UgkSf
2832,5BYCMWNQqz4nqErN1ReRGL
2833,6fUHMhwKBSmetq2T1PvCKK
2834,1D066zixBwqFYqBhKgdPzp
2835,7bUcBztfGqO7cSI2gMZeCI
2836,7bRRHQelMfrP86QYQlCsAq
2837,2bjwRfXMk4uRgOD9IBYl9h
2838,0Wl3eGYi3dzzljXgkmunmP
2839,3BhSiKrzvrROupHmoxq12R
2840,15EPc80XuFrb2LmOzGjuRg
2841,30Zcjs7pgEkmJA1lEbGSWT
2842,1cBs15tQeh4ewFqlwndESK
2843,1rfofaqEpACxVEHIZBJe6W
2844,4x3gJSZ2CeyGW9I8X7DtAs
2845,5Kkmnf0Xi1pv6CaT3e7czy
2846,2WVsyRWVM6xyKkZadKu32E
2847,3zAjkGy22FCXrCqSosQYkk
2848,4zbb4mISfck5isCpFsjsr3
2849,6C1wn08cac9wcvJvGtuHi1
2850,6MTA4AwgmjVASTXpBEwvn8
2851,7sJ7zlySCbRw6OjlLhVQMt
2852,2NYj7YnwO6MmcrLKVVab7V
2853,0czE98V6Vm2twAZNSgXoME
2854,2I1nii7UgtRh9zSvglybAJ
2855,3Xvu5uFWbyHd0qixrvIxxE
2856,5GR2ZJL0bRGvDHD5GfUVdE
2857,68nnMoLj2Oamzlisy3Mg4e
2858,6t7gHCcVCMMxQwFJgJvoP5
2859,0oLQRGhq7ltPDF6ThfqQdc
2860,5Jp0avXwxgYt75sjxQJxWw
2861,48Xt0Xy89L8gcwGyVqj3ug
2862,3XOKU8CKSiQsuQHD5vhzo5
2863,2Y0iGXY6m6immVb2ktbseM
2864,3td69vL9Py7Ai9wfXYnvji
2865,0t4z0WaQomQqPONghWn8c2
2866,43rJQjd6zfyTP58TNI9JAi
2867,54hdBH6z6hMBUpC9fAMs3s
2868,5J2SAAtyfFXOsctaYiUuLO
2869,52pWggDlN5mVeX111i06PP
2870,0fokoG1PTmfQr6HrBoKzo1
2871,1s2oewEkFG9eF9Mq7MyvCV
2872,0qGFnxDIqGBIq2D3zNbjk9
2873,0d0jsoba88SpOoFxCxA2rZ
2874,5vuJuBqwzHJgCA1ysRfwxZ
2875,5d8yMIlqJH78lwOUP7T3oF
2876,1eRBW1HcyM1zPlxO26cScZ
2877,1H7yy9jlDYS2EBF41J6Yf5
2878,4KjnaUNYPwGnJjoeTFlt91
2879,5UHjWOJA6MDl1g3x2HC68V
2880,7ALEBJ8LOQqXVJ2tqnXtoH
2881,3WqIidZMUPzEejbre4RVDa
2882,3VeuvRWfJLSOzeVPrgi5MR
2883,5ASZFbCod633wLragmPYTj
2884,7eB1V5LvAdxCc7brfGhRRo
2885,6ntPF24RtHotzc3FhcFMH7
2886,4m2lVqfPeSTD3azgBJHowK
2887,4LmAnpjlhWTahvRkYR8xJa
2888,7hsulgRNgbyczeAg8tChCB
2889,7wzWJPSxSZbVnfKHaP2JGD
2890,5Iy1wdO0tMaHwKnfFYtlel
2891,66dQdXAbtuPdSasezCQVZE
2892,0Y0TOsE1q11qgbi7c5WZsG
2893,2maEFaoAyNjQVv14Hm4esN
2894,6jG2YzhxptolDzLHTGLt7S
2895,3WxmlTZ85sCYFnuIXmUAEe
2896,1T5mVPJE6LilJ7f73L3UDo
2897,0UmdkPmDWIqzGHnTX1Mogg
2898,0V6QNE31BWyMuiKlvDRnE9
2899,0uP17B2t9Px8qBTgFl6Z1g
2900,1hd5tWvCHLgtzPL8IPuK98
2901,2zmaLmE5iZTDIKYRHBDz70
2902,1Vb2J33frYj5xiTyz7mB50
2903,7tlGq6EAEIWsv7srZWc5f7
2904,7iFSrkTrsyWpjXA2EKb7js
2905,2HU9QVgRXy3OJXri7wgDCi
2906,4IE6I0KXl6bv98f59bD6WM
2907,46pKXSkEQfqB0wEy5uxtcG
2908,3xxly86GGfJTRsGEEqaD5J
2909,3Z7dieIRSquTYqLVR15mov
2910,51HuSQ3lAnMuZiPu9YBJqN
2911,09PaypEcFmih85xXedBBKP
2912,0Eqm7hD828cATBLUx2fJox
2913,0aOluBqXYd0rFSCsgDyAWX
2914,7Ks4VCY1wFebnOdJrM13t6
2915,75izAeHlGuOgA865CFDyIv
2916,4oFtLSgHyZPNYDCcANhTnO
2917,7uWVT3UkCAZyANvv0bdyQn
2918,1bxEpNR75Hq3T2oF9AZjt8
2919,7unx2Rvsq8D0RfOLRXclTA
2920,0CjJqkWOpIUXdem5hUcxAk
2921,4tQcyj5488alHT1ZgFduzn
2922,72hFOhhhnOJZnnp6uVOgPn
2923,7A3ETuOrieyx9KSF0sn0Zf
2924,3ODXRUPL44f04cCacwiCLC
2925,1WT11QmhZutciEv1NsHt1R
2926,712uvW1Vezq8WpQi38v2L9
2927,4O9tOyMOq8Oioun2MsULH5
2928,1CKhx6sSkUxzomXnYZqSMh
2929,253490LtmZhYGUQy05eCNV
2930,5ujh1I7NZH5agbwf7Hp8Hc
2931,1wf4LnpdAhLaoI2WwYDKAE
2932,6m9qPYXmhge2QhBLfFKnVF
2933,3dzi1yJbrxUaPS3yjn9SgV
2934,0yvxop3XdQyWStwvuYP4dw
2935,2UOYzhusMTypF7oAQwksCj
2936,1cuYCAodLWgzhwE2KFZ8rC
2937,5bknBRjKJZ643DAN2w8Yoy
2938,4JuZQeSRYJfLCqBgBIxxrR
2939,1ni8ZTAY1GHXEFOGHl7fdg
2940,1H3GqbebLfBjqY8rW9oVyq
2941,7HRv1sYuwgoea1m0JRvChV
2942,1vup3vAmSmFLxSIzGOM38V
2943,41zXlQxzTi6cGAjpOXyLYH
2944,1arQkJAMuAocgu98LBHvpC
2945,1RGasjWLZ4qMN7wbtkLa3u
2946,0UZoFT3gz09JBk2kJfRb6I
2947,5w7wuzMzsDer96KqxafeRK
2948,5qxFudz7A6PGptviHsz4Yd
2949,4sEnZad9gvLSLkyt8DW11O
2950,1ZuQVisBNDRm51QIN9MajR
2951,7tI8c0zPTCulElXIw9aSbg
2952,5lbCjKgdT9pvYjrtmSiRvL
2953,7uX3gufAoBVqKVoD3dBLLD
2954,3NuN59jpH3B5cNa2M4r7XG
2955,01oc1NWevpGhtCkiX5flPH
2956,3ITHWKL9AmbFqtVnDnaXZh
2957,1m4C9zlV89rXTfXStluvec
2958,0R6UBiz3fJk4lxhKR5799F
2959,0dWOFwdXrbBUYqD9DLsoyK
2960,557JEBNqSn0RU4H5RtY286
2961,0q788echtkCMpQoQes4P6b
2962,7fGiBBJDDnldWOFw9WjHzn
2963,6bMLXWNukxfiUqH1D0ud1Z
2964,7ttVZD2510CE1pXJPJp0OQ
2965,7s5ML7zaUSxb5UsvsqQTSd
2966,6A3hUBzQ0k6chtNJlGxDQn
2967,7ujucw8kFBPIy9mz7DlmAq
2968,2DgMxFMUQRPthW4ROhjen1
2969,0OT0cCKbSmSMRvyWeqEFBq
2970,74X1epeRufHckhuX1KFD04
2971,7pda6TLAbVGxUjIUtbiNt0
2972,3iVcZ5G6tvkXZkZKlMpIUs
2973,4zGvb8hxGLB2jEPRFiRRqw
2974,7iQ8cowVQIQY7I4LwlABSJ
2975,3hJkeEjwi8foYgWDZnWKTB
2976,7z7cVLaaSflYWIlkgPrUGA
2977,6AoYWCzsDls6c61Zp5qTuU
2978,4lh1PamTsomWbFpkOPyfrD
2979,1cURnGaH9mR7YM8SsJHZeS
2980,3XcuLPQb1LG13ZJEEa6wUI
2981,0v3IeMw8l2M3TjIqQrihDW
2982,2Nh2cMryoXl7BrZoIeN2Pr
2983,276zciJ7Fg7Jk6Ta6QuLkp
2984,2gZUPNdnz5Y45eiGxpHGSc
2985,2fXwCWkh6YG5zU1IyvQrbs
2986,0q75NwOoFiARAVp4EXU4Bs
2987,6gU9OKjOE7ghfEd55oRO57
2988,1qSI0rdziYSXKV7oRMO1ls
2989,47XPUkAsZjZ96UzaYO7sEC
2990,154Ada4WZXskIMnsKiy26u
2991,66Q3fAmSX5eHamgbKa9alP
2992,19a3JfW8BQwqHWUMbcqSx8
2993,5Mtt6tZSZA9cXTHGSGpyh0
2994,2aksifNn5ph8igDOkPBA02
2995,3oy9CClx1zCGnhzse9AvDu
2996,3ZLyt2ndLFBh148XRYjYYZ
2997,3u9HxfcMCFYwJ2R0nkpDWV
2998,1o0kWPueYo94LIjPYOE5Nf
2999,2dxjKgT0li4qBI3QwuN9Ih
3000,42tBlHWL3VfDkUM2iWcc5p
3001,1xfFPJdRjgDAaMcDgbXwyh
3002,2zHmESGHFkWNllG1QvzBxT
3003,6wFxUq7Gr44N3uwLjVQRR0
3004,6q0wu4qjc9XVyqqRv7vlMZ
3005,0eSuBkGm5URmCu6OymIv8x
3006,5MoDQWMDMaAGDEiWsJfeCi
3007,2MIXhD9W7WL1Txd4Z7bU49
3008,1eQBEelI2NCy7AUTerX0KS
3009,228nYWqXzsBS9Ha0SIpM7q
3010,27eO3EGKIUU7yug1eOxUZu
3011,1wYZZtamWTQAoj8B812uKQ
3012,2DlHlPMa4M17kufBvI2lEN
3013,1WQJqbtfyvDaR4ktWKYVKP
3014,5MUWpxHzlG5M5N2C0T7qs9
3015,3DlgDXIYtnWtJKiB8bZQMv
3016,698vAui5aU6XHHhJGQiXCA
3017,1PIROnurtAeQalN1ev73Eb
3018,2BCKDoVapxVvOGklCHDfq2
3019,1r0faljjM2b876iNoaDUh5
3020,1PjKowBEfdICVBaxJDPsvm
3021,1Slwb6dOYkBlWal1PGtnNg
3022,1UledP7E5IenOcwl2oZaSu
3023,1ZHYJ2Wwgxes4m8Ba88PeK
3024,5cikVJA2ExOI9TTkC06vkN
3025,29fNHsUogi2p3V4tpCbfx3
3026,0dIDLi5yCGx3YxnJSz7flh
3027,01XyE7mEn4vFsweW7HNYo8
3028,2PxUCszL5M8nfsSeFbIPlS
3029,42uZxesoDXL7cLXBPXWNFJ
3030,3T06pIOmXJ6EkJmVRN2sv6
3031,2CdEj3nORFFiHtxeUdRYFo
3032,6TO0wnNQn2nyBFNQcpNgRs
3033,4aECVYTqWqNMWJYL6fjsyD
3034,5b4AhEfumec0f0Q5Uv9n6q
3035,4MORAdzD45RckawkQ7McPZ
3036,5eV5egvbCQZMixZWQZVLHo
3037,7ySV3f5niWtwddDLUFLwIZ
3038,4DkZw9ez4OacQK7iQRYPvE
3039,1BAJpa7mrs0A8cHsA2enqx
3040,6vsrCq7ItX2URzc2lagsQR
3041,4zCZ5qYRatKifKX5VfJYxT
3042,6fxVffaTuwjgEk5h9QyRjy
3043,0qqx27UzjB3vlUYM5tcymi
3044,7aheCJTgZydWp7D0BWgrpc
3045,5YUoidMogd9JTkomrKsL2n
3046,0GIF0mcmAUMncJZFKnoywe
3047,6KuXb26rHuRy3ZDse1VRmx
3048,430qNtapCS3Ue1yoSql1oV
3049,2kLI3WeOPoP5rLP1lXr6nH
3050,3Z5pXxCb0O6L53vejFHhqQ
3051,2RPbEp0DyBVlkRvvYKopO7
3052,21yRtB6B8EMounImAfHRCP
3053,6wqzg4axkxnpdmVOG3FHfc
3054,3A2OHirUAlQp2x73BJlEDA
3055,6GI114RuBiRyc09NcXyU6y
3056,78zC6abUHZ9ntpqLXMqrmo
3057,2RsTjad1nVUGrQmSoL1m8Y
3058,5v8F7GFQgmCESBpPFbC9DN
3059,15JINEqzVMv3SvJTAXAKED
3060,1PlMbi0Qkrlp9yVFM8JEXp
3061,23wfXwnsPZYe5A1xXRHb3J
3062,0TGd9kXFDRQG9FF0netmah
3063,5Z01UMMf7V1o0MzF86s6WJ
3064,3djNBlI7xOggg7pnsOLaNm
3065,5BSz8sJO2YmKfNVQG7fq2J
3066,3JdyhQORbJkCWT8xfLd8gD
3067,4mSp2FCzwGUN58aurJawQq
3068,1rW2nkUbmKD2MC22YrU8cX
3069,7iXF2W9vKmDoGAhlHdpyIa
3070,6gBFPUFcJLzWGx4lenP6h2
3071,1MksGqIztTT6M9R1ErKVs8
3072,6urCAbunOQI4bLhmGpX7iS
3073,0EtirusGt3LivUmALXSMVe
3074,3guazByz82uD2zHf8q7As1
3075,099MPsZhn5HkEUNlpA89rK
3076,75IN3CtuZwTHTnZvYM4qnJ
3077,2cDCojn6uIBM6A5xTAbl3H
3078,2MYl0er3UZ1RlKwRb5LODh
3079,4fVqQKbROkz8Z9FFJS7vls
3080,35tWhD29yvWwB0IDRr6zsL
3081,3eqEq53sUsaukd560hw7Dh
3082,62vpWI1CHwFy7tMIcSStl8
3083,6x1xjPoe9HS1NgX8cYfVEV
3084,1jQsKN68yE94tMYml0wHMd
3085,40IQooNkPRVtn4zlE3ZFpA
3086,2jlTbZrDJTlde2A97VqJFv
3087,0z5ZPs57J2KERwM1tBM2GF
3088,0N3W5peJUQtI4eyR6GJT5O
3089,3aGibUHhQyBsyumYHylw0K
3090,078C2jXg7XsMgW78Gfx1JA
3091,734xplxSpoW22U5OeeZcr8
3092,1zsAAnB6dMpGOvXjoYP9Um
3093,7zvKFw17XyoBUx9mHiwzPy
3094,3gdewACMIVMEWVbyb8O9sY
3095,5IJbTPhcj0IjdzUaYqwe2I
3096,2QgWuCtBpNIpl5trmKCxRf
3097,3YhcVZIWyakQSTUJD1YMt4
3098,4ZoBC5MhSEzuknIgAkBaoT
3099,34E0Higz6fFVXlbVsn6TIW
3100,22wxe2Yc9JzihICXYLGAQ7
3101,70Znjq5VPKFrwlB7O26SWT
3102,1xOXXYh6lTW8laxlW7JP2J
3103,5RgFlk1fcClZd0Y4SGYhqH
3104,4s2BWgnSQ9NZiOQM4PP4HB
3105,2c8sgbZoEanC3QyFNZxUcA
3106,4U45aEWtQhrm8A5mxPaFZ7
3107,0oR1TCdp7WjoggutHH3mZl
3108,7evpuhd3anB6ou0FYJXQ1v
3109,6NpwgYdHNNpq81GnpJNx3Y
3110,54xbcKFYv2PC6ujERHppRj
3111,62r62ArmWq38cu6QCVgyTc
3112,6yHZ09mUcQRZtWBYW73OoQ
3113,2TElexeJMX3OyXil4DWbVs
3114,4uQ7wYsuL0DryknoDc11Hk
3115,2b3KgzISdjZVNPJJ1945nw
3116,439TlnnznSiBbQbgXiBqAd
3117,2P3SLxeQHPqh8qKB6gtJY2
3118,1EiLrPd8JMTcQUr1aLEUKi
3119,3FCto7hnn1shUyZL42YgfO
3120,3DBVtnyVhc0WGT51K28TC9
3121,1BECwm5qkaBwlbfo4kpYx8
3122,5eCkuGPZNl4mISFNPgr3Dd
3123,1ceiWukdMtlzOFhiAMluOj
3124,4cAgkb0ifwn0FSHGXnr4F6
3125,671sDyeE398eD0sdGuVbZU
3126,3Ti0GdlrotgwsAVBBugv0I
3127,3sNVsP50132BTNlImLx70i
3128,1PS1QMdUqOal0ai3Gt7sDQ
3129,6MBVlbTBRUahJGeVYGuZ5w
3130,3ReVrQAUwmml8zhyBNteWL
3131,2cYZpcIV39X48RnOFM7w2V
3132,4FuuNmlafpFTE9UkcbrN9R
3133,60vvp6UXG2KmLmrNvcVHa8
3134,71A6V5dh5Y8ikhm6NGwZ7p
3135,2Zb7wnGUnNPCas2E0wWSQ5
3136,3TO7bbrUKrOSPGRTB5MeCz
3137,3Cd5BE3carDNzPaN4Iu0qs
3138,6byH2KwTyfq76lucjvwX2I
3139,6MdqqkQ8sSC0WB4i8PyRuQ
3140,6tDxrq4FxEL2q15y37tXT9
3141,47zREtxQZ3cHHIZwUQnuuN
3142,67Nf4Nsr2Nm5CFfJgqwDb0
3143,5ic68M3jaJTEUcEIh5PcqX
3144,4Zf351SuPuXo8w6IIMsxev
3145,6fTdcGsjxlAD9PSkoPaLMX
3146,3MWlVSkoLS1e66nlZ2tuWJ
3147,3pjUyVbFmM96tYhSaKJwTt
3148,0utlOiJy2weVl9WTkcEWHy
3149,1vvnYpYEMVB4aq9I6tHIEB
3150,6AGON2BGdPmPMJGiiNuuwl
3151,6I6NX6tjGsxFAsIfGzY9lJ
3152,2AgnbuzvnfPvq1sAYNB4pj
3153,0jx8zY5JQsS4YEQcfkoc5C
